sp_id,ch_code,cost1,cost2,id
33796,all,15.87,9.49,1
104536,all,46.19,85.78,2
121016,all,40.81,11.7,3
29262,all,47.59,88.43,4
104776,all,47.6,80.41,5
92536,all,46.29,81.58,6
72136,all,45.06,11.85,7
9533,all,11.93,45.74,8
14663,all,36.93,73.92,9
24222,all,43.2,95.56,10
109336,all,41.28,91.61,11
30442,all,36.41,70.96,12
22282,all,11.83,40.56,13
27462,all,43.72,95.41,14
29542,all,41.92,93.66,15
65236,all,47.41,95.84,16
12223,all,42.47,73.35,17
101896,all,46.79,15.43,18
154800,all,47.23,11.17,19
38716,all,47.85,87.8,20
130696,all,44.73,87.44,21
53116,all,44.24,91.07,22
26562,all,46.11,88.97,23
38836,all,47.34,15.86,24
65476,all,41.89,91.79,25
57316,all,21.98,30.9,26
26622,all,36.34,75.72,27
164240,all,42.52,83.71,28
51316,all,42.64,11.72,29
59596,all,45.1,11.03,30
15413,all,16.15,23.53,31
14393,all,16.2,9.44,32
156560,all,43.58,15.77,33
39436,all,43.35,10.35,34
16043,all,44.36,10.41,35
55996,all,41.54,93.33,36
166800,all,38.63,72.7,37
10943,all,45.66,10.77,38
8903,all,33.3,88.18,39
8393,all,46.47,81.28,40
13013,all,44.67,89.82,41
39796,all,47.92,15.87,42
8933,all,36.29,72.33,43
19962,all,43.28,92.48,44
147185,all,42.52,16.29,45
132465,all,42.62,10.2,46
151025,all,47.08,85.24,47
121081,all,47.26,16.91,48
113161,all,41.46,75.8,49
113881,all,42.88,10.9,50
77161,all,41.38,81.3,51
93881,all,44.03,16.84,52
127081,all,40.02,90.65,53
111401,all,41.22,10.24,54
135090,all,20.47,30.38,55
148275,all,47.58,83.36,56
141395,all,47.55,10.62,57
52381,all,46.93,11.13,58
96586,all,17.74,9.11,59
84586,all,44.82,87.37,60
42301,all,40.38,91.75,61
54661,all,44.85,11.46,62
38341,all,39.19,75.45,63
56821,all,46.21,16.77,64
54781,all,40.5,81.11,65
38581,all,22.27,39.5,66
162900,all,44.25,10.03,67
81466,all,47.63,17.49,68
110906,all,47.87,85.23,69
94666,all,43.19,11.85,70
156660,all,43.66,15.6,71
78346,all,41.98,10.46,72
91226,all,42.67,91.26,73
79066,all,42.88,15.52,74
60061,all,22.73,35.64,75
55981,all,40.18,89.14,76
99706,all,40.22,89.12,77
64381,all,46.81,11.52,78
124666,all,40.07,11.7,79
120586,all,22.53,32.98,80
75706,all,47.5,11.68,81
124906,all,46.97,83.8,82
161205,all,40.12,95.01,83
161685,all,44.25,15.77,84
138645,all,43.84,11.94,85
80251,all,45.35,89.5,86
84811,all,21.29,33.61,87
117691,all,40.15,11.34,88
109771,all,22.23,34.73,89
85291,all,20.85,30.73,90
146070,all,35.29,88.93,91
73531,all,43.15,11.65,92
94171,all,22.83,37.54,93
114811,all,43.67,87.45,94
102811,all,43.61,91.63,95
99211,all,43.18,92.78,96
91291,all,45.24,82.03,97
66811,all,46.7,86.63,98
111931,all,36.83,83.45,99
79531,all,43.72,89.49,100
137175,all,41.82,84.36,101
147255,all,45.38,82.43,102
164535,all,40.62,16.0,103
79996,all,23.5,32.77,104
36046,all,40.19,11.07,105
84556,all,43.25,11.79,106
26307,all,44.88,10.76,107
56806,all,41.97,86.13,108
105436,all,45.72,10.04,109
54886,all,44.13,91.12,110
26427,all,43.19,17.39,111
81196,all,43.38,10.44,112
30567,all,42.43,11.45,113
81356,all,43.38,10.45,114
162840,all,44.22,10.02,115
122476,all,34.37,90.35,116
138840,all,45.64,94.49,117
94156,all,38.69,71.07,118
102476,all,37.34,71.91,119
26667,all,43.63,10.79,120
47206,all,40.06,72.08,121
65836,all,17.56,8.61,122
53446,all,43.66,90.41,123
78476,all,41.88,11.85,124
33166,all,38.1,80.44,125
119596,all,44.31,11.42,126
30927,all,40.8,16.74,127
28887,all,15.23,8.64,128
17667,all,45.05,10.77,129
57886,all,44.53,11.57,130
107596,all,41.24,74.81,131
24867,all,47.47,91.36,132
55966,all,40.04,78.27,133
79276,all,41.69,10.2,134
150360,all,22.62,35.3,135
30087,all,46.53,83.52,136
142680,all,43.41,95.89,137
71356,all,43.29,92.09,138
58366,all,37.76,78.2,139
147705,all,41.09,11.75,140
150585,all,42.65,10.13,141
150905,all,20.74,31.06,142
125581,all,44.75,88.55,143
80701,all,44.03,95.8,144
145050,all,23.87,30.98,145
161850,all,45.94,80.73,146
126061,all,16.55,45.03,147
163290,all,21.93,32.76,148
140250,all,40.92,83.35,149
78541,all,44.39,90.61,150
132570,all,43.85,11.45,151
103261,all,40.89,88.89,152
91261,all,10.19,40.42,153
87181,all,43.39,95.16,154
112381,all,42.03,91.82,155
162875,all,42.49,84.93,156
131835,all,42.56,11.21,157
166875,all,40.37,15.31,158
35911,all,43.77,11.56,159
129166,all,47.85,80.07,160
96526,all,47.4,91.25,161
54511,all,40.58,86.26,162
144540,all,44.84,16.44,163
161340,all,22.34,35.64,164
42391,all,43.93,94.72,165
52711,all,43.77,17.4,166
126046,all,41.04,82.53,167
65271,all,44.47,81.73,168
59311,all,42.94,93.83,169
94046,all,43.86,16.15,170
57271,all,47.6,80.34,171
147420,all,47.63,93.73,172
47151,all,47.3,16.02,173
94366,all,38.83,74.87,174
123166,all,40.35,10.29,175
78286,all,46.85,87.69,176
55591,all,41.08,10.03,177
82606,all,45.54,95.22,178
111406,all,43.21,10.46,179
82846,all,15.14,9.05,180
149340,all,21.77,31.5,181
133980,all,36.69,80.64,182
120286,all,31.36,95.07,183
100126,all,45.03,95.87,184
62431,all,44.97,15.83,185
60391,all,42.29,70.27,186
141885,all,41.1,11.97,187
75871,all,43.65,86.15,188
88831,all,42.15,17.74,189
147390,all,42.61,10.2,190
65551,all,42.1,87.93,191
123871,all,23.07,32.36,192
124111,all,46.52,83.44,193
120271,all,46.25,95.95,194
154815,all,42.35,92.88,195
67936,all,38.25,81.73,196
11068,all,41.09,91.1,197
11108,all,46.5,10.74,198
114176,all,40.82,10.51,199
17392,all,44.5,17.5,200
23692,all,47.38,11.2,201
16632,all,37.34,71.17,202
99376,all,46.51,11.43,203
60096,all,44.59,16.83,204
165345,all,41.15,77.68,205
167265,all,41.58,71.99,206
119041,all,44.62,82.02,207
167715,all,21.6,31.69,208
144420,all,21.05,33.23,209
69106,all,42.4,88.4,210
61561,all,43.06,11.33,211
80611,all,46.04,11.83,212
123571,all,39.21,76.17,213
51346,all,41.63,85.05,214
105301,all,43.51,82.09,215
107446,all,31.39,94.18,216
76231,all,45.33,10.25,217
86311,all,22.99,30.04,218
83671,all,15.0,8.01,219
28174,all,43.68,11.14,220
24174,all,42.91,75.9,221
12659,all,45.48,11.7,222
62940,all,41.4,95.52,223
137136,all,42.68,95.27,224
9089,all,43.55,95.94,225
44580,all,37.27,72.73,226
105784,all,43.3,90.47,227
30574,all,41.51,10.45,228
9659,all,45.85,17.82,229
138576,all,40.51,82.26,230
9689,all,47.76,81.04,231
30654,all,45.52,89.12,232
53140,all,40.53,81.63,233
32754,all,15.4,8.72,234
16434,all,46.96,10.64,235
61540,all,17.23,8.44,236
37060,all,45.67,87.61,237
47340,all,43.78,91.38,238
14399,all,23.1,34.7,239
17574,all,47.57,15.99,240
59740,all,47.3,85.17,241
49540,all,43.96,15.36,242
90904,all,23.47,35.46,243
87064,all,22.88,33.2,244
17754,all,46.37,91.92,245
8879,all,42.89,15.33,246
10949,all,35.45,85.03,247
35700,all,32.91,85.52,248
167376,all,45.36,16.3,249
41860,all,40.27,81.58,250
19914,all,16.48,9.07,251
35740,all,40.41,80.99,252
16109,all,45.44,10.3,253
30174,all,39.14,73.28,254
13049,all,42.49,85.74,255
151536,all,47.93,16.2,256
135921,all,40.61,11.73,257
144561,all,41.83,11.49,258
146001,all,44.01,10.56,259
154641,all,36.83,77.4,260
156561,all,46.01,10.66,261
116809,all,43.9,91.37,262
112729,all,46.77,16.46,263
88489,all,23.13,31.27,264
160626,all,45.7,10.7,265
113209,all,36.32,71.52,266
109129,all,42.44,10.23,267
88969,all,45.02,85.92,268
113929,all,16.44,8.65,269
154386,all,45.51,11.67,270
118249,all,15.76,9.29,271
106249,all,43.38,90.43,272
147186,all,42.1,17.64,273
99049,all,45.88,11.12,274
71449,all,16.21,9.39,275
132051,all,39.81,83.56,276
151251,all,45.81,90.03,277
92314,all,20.76,35.1,278
108874,all,17.37,43.14,279
50485,all,47.62,11.15,280
84634,all,41.14,79.18,281
52645,all,16.74,8.69,282
161556,all,45.35,94.47,283
56845,all,45.96,11.04,284
81034,all,40.41,10.79,285
36565,all,46.46,89.77,286
118234,all,47.94,82.42,287
61285,all,41.39,87.86,288
106634,all,41.02,10.94,289
106714,all,44.06,11.36,290
164436,all,47.29,92.03,291
70474,all,47.2,95.73,292
47605,all,41.7,80.39,293
74794,all,44.04,87.74,294
49885,all,44.58,10.51,295
150516,all,45.01,10.09,296
37645,all,43.25,10.71,297
116314,all,42.44,79.05,298
134676,all,21.53,40.27,299
160181,all,46.63,10.52,300
140181,all,40.71,11.85,301
140661,all,11.97,44.64,302
166581,all,40.72,10.75,303
129499,all,10.33,43.98,304
93019,all,46.58,84.08,305
125899,all,46.57,93.89,306
162006,all,46.97,85.87,307
85339,all,47.6,82.06,308
138006,all,43.34,10.18,309
97819,all,47.17,93.56,310
77419,all,44.68,11.58,311
130699,all,22.15,35.3,312
164406,all,45.32,17.44,313
90619,all,34.9,81.9,314
123499,all,45.87,10.63,315
99019,all,42.41,10.54,316
135831,all,43.03,81.11,317
153591,all,41.91,81.45,318
164631,all,42.62,16.01,319
134391,all,40.35,15.0,320
116764,all,44.14,11.04,321
31299,all,41.21,93.19,322
104764,all,45.28,83.86,323
58630,all,42.72,90.52,324
50470,all,46.92,10.7,325
32439,all,43.9,11.25,326
113404,all,42.09,82.91,327
88924,all,35.65,89.36,328
34270,all,42.05,17.87,329
54790,all,40.65,15.43,330
17199,all,45.37,81.75,331
122044,all,45.67,93.03,332
46750,all,15.13,45.92,333
81244,all,45.66,84.26,334
21399,all,43.39,10.39,335
53110,all,43.06,85.66,336
38830,all,10.54,44.65,337
61390,all,44.05,95.61,338
20499,all,46.11,81.32,339
53350,all,47.33,10.91,340
26679,all,44.16,17.2,341
47230,all,42.21,11.05,342
45190,all,15.03,8.54,343
63670,all,41.93,88.2,344
59590,all,20.21,34.72,345
24679,all,39.57,72.77,346
156696,all,44.64,83.43,347
39190,all,41.5,10.58,348
70444,all,40.98,82.12,349
55750,all,40.95,85.92,350
25839,all,42.42,10.54,351
23799,all,44.96,11.16,352
16659,all,33.08,84.16,353
32019,all,39.38,81.39,354
53830,all,16.41,8.13,355
41590,all,41.61,72.49,356
128284,all,37.65,79.77,357
111964,all,43.59,15.65,358
108124,all,15.46,8.13,359
91804,all,45.61,11.13,360
26079,all,47.98,81.77,361
167001,all,16.62,8.8,362
116749,all,42.64,76.83,363
75949,all,21.35,35.65,364
113389,all,42.82,76.57,365
81229,all,47.13,83.34,366
122509,all,41.75,93.95,367
164346,all,33.02,95.74,368
164666,all,43.3,11.86,369
78349,all,41.31,11.65,370
111949,all,32.93,92.44,371
71389,all,39.25,72.55,372
128749,all,43.72,87.45,373
162171,all,45.93,10.08,374
131451,all,47.74,11.21,375
158171,all,45.08,11.24,376
167931,all,43.1,85.72,377
38095,all,47.02,10.28,378
40255,all,43.04,10.32,379
136956,all,40.42,88.65,380
44815,all,47.03,90.42,381
38695,all,35.33,94.79,382
102094,all,44.32,81.82,383
94414,all,37.52,83.77,384
131676,all,44.15,85.47,385
47335,all,40.83,16.53,386
61695,all,45.07,88.1,387
127534,all,10.81,47.39,388
82894,all,45.32,82.03,389
41655,all,37.67,78.8,390
143196,all,16.67,9.08,391
165981,all,15.35,9.44,392
164286,all,36.1,77.29,393
74479,all,45.58,10.9,394
151326,all,17.86,8.64,395
154911,all,44.42,10.36,396
167391,all,41.02,10.78,397
13064,all,39.46,75.52,398
11534,all,10.73,46.86,399
151776,all,41.79,83.55,400
8474,all,30.58,85.46,401
1765,all,42.17,11.58,402
31344,all,22.23,40.58,403
12104,all,43.12,88.14,404
24264,all,46.54,17.37,405
9574,all,40.34,74.83,406
5303,all,42.98,81.89,407
727,all,45.23,11.05,408
32484,all,44.68,82.58,409
30444,all,41.39,90.36,410
14714,all,43.77,82.19,411
22344,all,43.55,16.52,412
9754,all,40.98,80.26,413
103184,all,41.02,94.53,414
99904,all,46.99,86.8,415
134336,all,20.94,35.7,416
15584,all,39.75,77.43,417
9964,all,31.52,89.15,418
89009,all,37.17,83.0,419
77314,all,46.95,82.32,420
48025,all,31.04,80.8,421
19869,all,42.8,74.78,422
149961,all,44.07,10.87,423
116389,all,42.25,70.66,424
152331,all,41.06,17.34,425
42355,all,45.86,10.92,426
138606,all,36.85,71.65,427
150126,all,11.1,41.54,428
18958,all,41.71,94.42,429
88120,all,44.38,84.26,430
54388,all,42.3,89.13,431
100840,all,42.5,94.11,432
24198,all,20.17,30.79,433
9551,all,45.04,10.87,434
34108,all,20.61,31.76,435
30378,all,43.5,10.71,436
15191,all,22.52,34.73,437
68440,all,47.22,17.89,438
64948,all,41.69,93.48,439
16241,all,44.22,10.26,440
9611,all,44.63,15.95,441
24378,all,45.55,89.86,442
46708,all,47.67,16.71,443
22338,all,44.03,10.36,444
145968,all,41.82,15.63,445
163088,all,43.36,17.34,446
14291,all,45.05,82.53,447
46948,all,40.01,90.88,448
17358,all,33.54,80.99,449
57268,all,46.19,11.18,450
14321,all,22.72,31.26,451
65560,all,20.05,34.03,452
110680,all,20.15,30.29,453
59548,all,43.08,10.38,454
45268,all,45.24,81.64,455
70120,all,22.08,33.66,456
31938,all,11.85,41.61,457
30918,all,47.32,83.38,458
82840,all,21.82,32.0,459
70600,all,46.29,10.85,460
14471,all,46.42,94.39,461
11921,all,15.32,43.99,462
33388,all,41.21,11.08,463
55948,all,42.35,15.76,464
10931,all,43.41,10.66,465
22938,all,43.71,95.34,466
24018,all,45.86,87.27,467
10991,all,21.43,34.55,468
35788,all,42.28,17.01,469
112600,all,44.23,80.89,470
144273,all,41.26,81.55,471
162833,all,46.04,10.86,472
147153,all,42.68,80.76,473
135153,all,42.31,92.8,474
80665,all,41.03,74.18,475
113465,all,37.47,75.29,476
81145,all,47.64,11.03,477
109945,all,33.69,82.42,478
105865,all,40.86,11.21,479
82025,all,37.48,71.0,480
82105,all,45.68,16.41,481
142418,all,44.72,15.4,482
108265,all,41.01,80.56,483
96025,all,42.55,86.29,484
164403,all,40.05,84.97,485
150003,all,46.33,88.68,486
150483,all,39.54,76.69,487
42093,all,44.24,10.31,488
104890,all,47.99,89.14,489
40173,all,44.15,17.24,490
121450,all,38.94,70.0,491
117850,all,11.91,40.99,492
130330,all,47.53,88.06,493
40693,all,40.92,84.05,494
77290,all,41.36,10.11,495
46933,all,45.23,88.34,496
42853,all,46.77,10.7,497
57493,all,46.26,82.15,498
39133,all,46.51,11.87,499
33133,all,46.77,91.87,500
49573,all,21.22,32.12,501
70490,all,15.87,8.67,502
166068,all,47.72,10.06,503
70810,all,47.8,11.17,504
158388,all,42.14,10.52,505
60133,all,47.35,11.97,506
148053,all,44.05,83.55,507
150453,all,47.01,11.24,508
121195,all,43.86,11.45,509
113035,all,42.5,82.03,510
113275,all,21.07,31.4,511
161238,all,40.68,10.49,512
93115,all,43.88,11.61,513
68795,all,46.85,10.44,514
154038,all,16.91,47.08,515
69115,all,33.62,84.88,516
155478,all,33.94,87.15,517
102955,all,43.29,11.6,518
140438,all,37.25,79.6,519
103675,all,44.7,17.2,520
71275,all,30.46,86.55,521
67435,all,46.81,11.56,522
108475,all,40.14,91.86,523
149943,all,16.91,9.45,524
96460,all,32.4,91.39,525
24183,all,45.2,88.27,526
40198,all,42.75,84.13,527
38158,all,21.51,35.8,528
18063,all,40.92,81.59,529
34078,all,46.61,93.87,530
52678,all,38.55,76.5,531
40438,all,11.14,42.87,532
38638,all,45.31,10.99,533
97900,all,17.08,8.53,534
38758,all,40.59,89.3,535
130780,all,42.03,11.32,536
31683,all,46.83,17.45,537
55318,all,46.51,80.2,538
131448,all,44.07,10.8,539
61558,all,44.72,10.55,540
41158,all,41.9,17.55,541
17523,all,46.47,94.23,542
63718,all,31.82,82.07,543
66220,all,47.01,10.63,544
157848,all,42.06,84.46,545
103580,all,44.77,11.4,546
39718,all,45.69,89.9,547
100060,all,46.29,11.24,548
43918,all,46.04,11.12,549
60358,all,42.49,86.22,550
112540,all,34.6,80.86,551
140793,all,45.05,94.28,552
135033,all,42.15,11.98,553
155418,all,44.63,10.05,554
78365,all,47.83,94.48,555
107245,all,21.77,31.5,556
91405,all,46.68,11.78,557
71005,all,34.92,90.9,558
83405,all,42.4,94.38,559
166938,all,47.78,10.2,560
79645,all,42.87,81.47,561
120685,all,40.82,16.22,562
135963,all,44.72,81.24,563
154203,all,44.0,95.77,564
146043,all,36.42,79.86,565
142683,all,43.9,10.62,566
143003,all,30.7,85.2,567
159483,all,46.75,10.61,568
168348,all,42.05,91.5,569
62623,all,42.67,93.4,570
136668,all,43.29,93.1,571
36223,all,46.11,86.69,572
121630,all,41.57,10.99,573
109390,all,32.12,87.89,574
145308,all,44.77,15.59,575
65023,all,30.98,93.52,576
61143,all,46.09,11.74,577
154908,all,31.59,94.31,578
118750,all,43.37,11.59,579
55303,all,44.15,17.52,580
155708,all,42.76,74.25,581
45223,all,46.72,82.1,582
148668,all,47.06,11.11,583
70270,all,47.18,90.83,584
127870,all,43.49,15.02,585
103390,all,42.43,16.84,586
47623,all,43.2,11.03,587
57943,all,47.44,86.95,588
39783,all,23.12,32.71,589
80575,all,44.84,93.65,590
125935,all,47.41,95.45,591
126175,all,47.38,10.02,592
101615,all,43.11,72.58,593
149598,all,45.47,11.02,594
103855,all,42.8,10.69,595
100015,all,45.94,82.74,596
143583,all,37.49,78.63,597
164703,all,32.83,81.25,598
5519,all,45.93,11.75,599
104800,all,47.05,11.33,600
22108,all,46.9,11.36,601
76240,all,41.07,10.44,602
20088,all,44.45,11.47,603
64768,all,42.6,93.23,604
197,all,40.18,10.58,605
54688,all,43.1,11.14,606
3435,all,41.13,15.42,607
77360,all,40.23,10.53,608
81520,all,45.13,10.17,609
24528,all,46.33,93.86,610
63408,all,38.34,72.71,611
6939,all,38.8,75.99,612
55608,all,17.04,8.58,613
5949,all,42.98,17.13,614
150528,all,44.77,10.66,615
5219,all,40.75,10.97,616
99920,all,42.4,81.31,617
8426,all,40.41,17.71,618
148193,all,36.16,78.57,619
161378,all,20.43,33.85,620
89185,all,44.32,92.72,621
90545,all,36.18,79.83,622
103330,all,37.18,75.89,623
30513,all,40.64,17.99,624
31713,all,44.68,17.3,625
28113,all,32.04,85.13,626
135273,all,45.89,85.1,627
42883,all,46.98,10.83,628
60163,all,43.93,93.85,629
74215,all,32.17,93.56,630
58372,all,23.77,31.74,631
8477,all,41.24,11.52,632
52372,all,43.29,81.39,633
18030,all,21.96,35.9,634
152784,all,45.3,11.06,635
26290,all,46.56,10.15,636
88888,all,16.88,8.08,637
19170,all,46.69,15.71,638
54732,all,44.86,10.82,639
14207,all,45.04,93.8,640
130168,all,47.88,11.96,641
15257,all,46.98,11.48,642
42652,all,43.24,92.93,643
130408,all,15.19,9.37,644
122488,all,45.14,94.47,645
9707,all,42.64,91.05,646
73768,all,47.67,84.29,647
8207,all,39.81,79.71,648
21570,all,44.56,83.4,649
63652,all,47.2,88.27,650
51412,all,46.15,85.3,651
28810,all,45.5,10.37,652
8267,all,43.5,83.5,653
9827,all,41.17,10.08,654
17610,all,41.49,94.76,655
33172,all,41.59,10.55,656
49612,all,20.55,33.81,657
39412,all,44.04,87.89,658
123928,all,40.1,10.53,659
49732,all,47.98,80.37,660
120088,all,40.5,16.9,661
11447,all,11.59,43.87,662
116248,all,10.36,45.21,663
11987,all,40.92,85.85,664
56212,all,41.64,74.43,665
13037,all,44.68,11.23,666
137649,all,45.53,11.99,667
132849,all,22.7,34.65,668
165969,all,41.6,11.84,669
121033,all,40.46,80.94,670
92873,all,45.17,85.17,671
65593,all,21.13,30.67,672
86153,all,31.59,80.11,673
86953,all,45.88,89.32,674
150834,all,42.06,10.69,675
147699,all,43.17,70.58,676
131379,all,47.53,11.25,677
156659,all,17.27,8.17,678
48277,all,30.64,85.06,679
38197,all,46.47,82.77,680
54717,all,40.78,10.11,681
56797,all,43.48,10.95,682
126058,all,10.17,46.88,683
38797,all,41.61,85.41,684
114538,all,21.06,34.08,685
65517,all,42.41,11.81,686
65578,all,15.68,8.03,687
127018,all,47.17,11.15,688
86218,all,20.33,32.56,689
119098,all,40.48,91.68,690
33037,all,43.6,85.24,691
47557,all,20.03,38.58,692
149364,all,41.63,11.64,693
107578,all,36.29,77.27,694
79018,all,42.17,90.22,695
57997,all,47.3,94.19,696
55957,all,41.6,81.46,697
64477,all,41.21,87.58,698
152949,all,45.51,11.0,699
145269,all,22.69,31.63,700
147669,all,45.15,10.63,701
167349,all,46.73,17.01,702
96283,all,43.62,11.57,703
125563,all,40.51,80.71,704
84763,all,11.05,47.71,705
84923,all,20.82,31.51,706
106363,all,36.99,78.02,707
139254,all,41.71,88.01,708
119563,all,44.52,11.46,709
83563,all,43.66,16.11,710
142614,all,47.34,10.49,711
152439,all,44.04,84.06,712
146679,all,21.2,33.99,713
148119,all,34.32,86.32,714
139959,all,46.0,16.83,715
26115,all,45.44,10.49,716
92188,all,41.28,88.12,717
62502,all,45.8,16.93,718
31275,all,23.3,33.24,719
58462,all,44.29,11.51,720
27195,all,41.4,10.49,721
48262,all,44.03,11.89,722
33982,all,41.29,83.02,723
38182,all,22.34,35.17,724
113308,all,44.32,86.83,725
84988,all,34.32,85.48,726
61102,all,45.35,81.14,727
25455,all,43.09,10.11,728
162744,all,47.26,10.32,729
46942,all,47.97,80.49,730
32715,all,16.45,9.4,731
18435,all,47.24,10.64,732
32782,all,41.13,10.25,733
26655,all,37.77,83.28,734
51262,all,22.31,30.82,735
24615,all,38.98,76.33,736
29775,all,20.64,30.13,737
123628,all,40.11,11.29,738
30915,all,45.55,82.44,739
149304,all,34.39,89.11,740
70588,all,43.01,74.81,741
47662,all,40.08,80.57,742
142104,all,45.11,10.42,743
25995,all,10.63,46.2,744
75388,all,47.97,11.67,745
60382,all,47.45,91.46,746
148569,all,40.35,83.67,747
141369,all,42.39,10.79,748
167289,all,47.01,80.7,749
143514,all,42.65,87.72,750
71933,all,43.46,15.43,751
113293,all,42.62,11.03,752
109213,all,41.17,89.1,753
144954,all,44.26,11.05,754
105613,all,43.29,10.02,755
122173,all,45.49,82.97,756
130733,all,43.95,17.37,757
127693,all,46.79,11.03,758
115453,all,41.37,83.35,759
159354,all,42.59,11.29,760
151739,all,41.98,71.4,761
162939,all,44.45,84.69,762
132539,all,20.96,34.66,763
133659,all,40.97,95.76,764
116878,all,41.85,11.66,765
80078,all,40.85,10.78,766
108958,all,42.23,81.18,767
34047,all,42.64,11.88,768
40207,all,34.18,86.01,769
56647,all,36.15,71.41,770
137244,all,21.82,31.93,771
130318,all,41.84,84.01,772
50887,all,36.28,83.73,773
81358,all,42.91,11.62,774
38647,all,30.35,80.92,775
51007,all,20.6,35.51,776
102478,all,40.11,80.15,777
45247,all,21.98,30.57,778
103198,all,47.64,93.08,779
78958,all,47.9,17.38,780
62127,all,21.18,33.05,781
120238,all,40.45,10.77,782
81343,all,44.99,11.93,783
139614,all,34.05,82.31,784
131934,all,45.96,10.47,785
91183,all,43.07,11.57,786
96223,all,47.43,10.21,787
3654,all,16.57,9.15,788
32340,all,45.62,10.06,789
58552,all,22.2,35.06,790
4044,all,47.08,86.76,791
104848,all,17.55,8.05,792
96688,all,41.3,88.19,793
13112,all,37.66,81.99,794
48352,all,36.74,83.41,795
3279,all,42.73,72.84,796
23160,all,47.77,80.27,797
3024,all,35.93,81.32,798
80528,all,20.41,33.33,799
6572,all,47.23,81.7,800
535,all,44.2,11.68,801
2274,all,45.29,90.09,802
93808,all,42.76,87.13,803
13282,all,41.94,95.63,804
30940,all,40.47,10.46,805
585,all,38.83,81.08,806
136034,all,40.93,87.31,807
163074,all,46.81,11.19,808
94193,all,43.21,18.0,809
65713,all,41.61,83.3,810
145284,all,46.54,15.8,811
164484,all,39.14,75.03,812
92098,all,41.12,15.44,813
134469,all,37.89,83.43,814
43162,all,43.76,11.18,815
63922,all,43.66,17.56,816
46147,all,36.91,77.75,817
63547,all,43.23,88.21,818
151374,all,40.98,11.42,819
42004,all,43.65,10.53,820
17946,all,42.95,87.34,821
16926,all,22.01,34.41,822
58444,all,45.46,10.03,823
13085,all,42.89,92.7,824
60604,all,45.13,10.51,825
52564,all,47.22,11.66,826
20166,all,33.14,89.36,827
16235,all,43.19,10.58,828
56764,all,40.92,15.43,829
9595,all,45.87,15.33,830
62964,all,23.78,34.78,831
30486,all,38.15,79.74,832
24366,all,39.37,79.65,833
72952,all,43.6,89.82,834
97672,all,23.25,32.42,835
73432,all,41.92,17.84,836
114472,all,46.72,80.8,837
11255,all,42.23,17.29,838
36844,all,40.81,11.5,839
9215,all,41.96,89.37,840
118792,all,40.69,10.39,841
148112,all,44.02,10.32,842
148272,all,23.26,32.52,843
78472,all,45.6,91.23,844
10325,all,40.94,92.48,845
12905,all,46.03,17.01,846
149712,all,39.52,73.46,847
31026,all,46.91,10.01,848
79192,all,17.16,9.22,849
28026,all,42.55,17.28,850
25986,all,21.87,34.89,851
12485,all,42.62,87.56,852
9425,all,38.16,75.47,853
28086,all,41.26,94.2,854
41884,all,44.36,83.5,855
60364,all,42.61,72.49,856
19966,all,46.98,82.6,857
136017,all,44.86,17.92,858
145137,all,43.75,10.05,859
129257,all,41.62,16.1,860
121417,all,41.81,83.79,861
136722,all,46.34,17.83,862
68377,all,17.43,8.02,863
89257,all,16.98,8.59,864
85177,all,45.62,89.4,865
154002,all,23.52,30.09,866
77017,all,11.79,42.2,867
106057,all,10.85,41.56,868
110617,all,30.61,82.71,869
123017,all,16.71,9.59,870
131442,all,34.17,82.12,871
86377,all,41.88,10.3,872
111017,all,45.27,88.81,873
99577,all,42.61,11.65,874
120697,all,38.04,81.8,875
92137,all,45.74,85.06,876
152787,all,42.73,87.54,877
158387,all,40.02,17.13,878
54469,all,46.99,83.0,879
50389,all,46.2,87.35,880
113242,all,43.03,11.23,881
136692,all,47.84,17.77,882
105562,all,43.25,95.7,883
105802,all,42.41,82.13,884
36589,all,40.88,83.56,885
42829,all,41.88,10.79,886
102362,all,47.94,91.33,887
86122,all,47.43,15.12,888
127162,all,40.06,86.19,889
32869,all,45.91,11.78,890
63589,all,43.12,89.69,891
43429,all,40.9,10.78,892
70522,all,47.97,11.08,893
87082,all,45.98,11.66,894
91402,all,42.65,10.67,895
60109,all,44.06,89.03,896
99802,all,40.94,11.02,897
95722,all,23.11,31.73,898
39709,all,40.39,17.81,899
41869,all,40.95,87.51,900
135477,all,41.19,92.05,901
71947,all,47.7,11.48,902
92827,all,45.73,81.99,903
109387,all,40.86,84.69,904
72667,all,23.87,30.87,905
137622,all,47.69,11.96,906
87067,all,40.34,92.59,907
120347,all,45.39,11.14,908
142422,all,44.65,16.36,909
100267,all,47.94,86.83,910
146967,all,42.75,80.06,911
141207,all,42.36,91.83,912
166167,all,36.78,70.52,913
29271,all,10.73,42.26,914
50374,all,44.47,90.53,915
109532,all,22.91,33.54,916
31491,all,47.24,85.79,917
137592,all,42.36,15.88,918
105932,all,46.2,94.28,919
114172,all,33.64,86.15,920
61294,all,43.56,10.11,921
29631,all,17.65,9.11,922
85852,all,22.94,35.59,923
34774,all,44.96,17.27,924
65494,all,46.46,16.4,925
47134,all,45.0,10.83,926
23571,all,40.92,11.78,927
34894,all,47.6,83.46,928
29751,all,44.55,85.11,929
70012,all,43.53,80.41,930
23671,all,33.34,92.59,931
35134,all,20.86,35.43,932
30951,all,10.25,43.31,933
17731,all,38.23,77.68,934
79132,all,39.91,83.61,935
28111,all,46.53,16.97,936
68077,all,40.62,82.33,937
121597,all,23.03,35.45,938
130397,all,47.65,89.7,939
87277,all,43.4,94.39,940
120397,all,46.17,11.49,941
142842,all,45.96,10.72,942
143867,all,32.17,91.59,943
62479,all,41.77,11.95,944
58399,all,41.46,80.47,945
80062,all,40.32,10.94,946
92542,all,11.45,42.99,947
58959,all,42.37,10.48,948
57079,all,11.28,42.88,949
48919,all,42.08,11.24,950
73342,all,45.56,87.19,951
55159,all,30.78,93.01,952
147132,all,30.18,82.43,953
65479,all,46.42,11.69,954
36879,all,22.36,33.01,955
106702,all,40.26,92.58,956
58119,all,36.55,81.73,957
75742,all,20.95,33.4,958
85567,all,42.16,10.2,959
65567,all,46.72,84.47,960
90367,all,43.98,80.93,961
131742,all,22.85,35.78,962
156702,all,41.33,17.41,963
140862,all,40.06,10.13,964
127807,all,42.53,11.87,965
91007,all,42.56,93.22,966
107567,all,40.18,72.49,967
142782,all,46.62,85.76,968
120607,all,46.38,82.28,969
88432,all,46.53,86.75,970
121232,all,36.61,79.31,971
15170,all,46.85,84.91,972
15200,all,46.19,17.43,973
9590,all,40.05,10.7,974
1967,all,39.83,82.19,975
300,all,17.96,8.62,976
8230,all,42.21,15.58,977
5141,all,15.94,8.19,978
7716,all,47.4,90.3,979
14920,all,44.25,11.39,980
14960,all,37.32,79.23,981
12940,all,47.68,10.58,982
71152,all,44.09,16.04,983
28056,all,20.74,32.25,984
135072,all,44.19,10.19,985
152772,all,15.39,9.52,986
89362,all,47.43,10.9,987
93187,all,40.02,80.55,988
103267,all,47.47,11.2,989
120307,all,41.85,11.2,990
150087,all,40.2,94.79,991
57274,all,43.15,17.4,992
28881,all,45.4,83.19,993
149832,all,43.66,91.13,994
133962,all,40.14,78.3,995
124837,all,42.85,10.34,996
36379,all,47.44,10.08,997
35299,all,41.07,10.29,998
94087,all,44.72,11.71,999
115207,all,40.06,89.03,1000
17946,4,17.16,34.92,1001
16926,4,8.8,13.76,1002
58444,4,18.2,4.0,1003
13085,4,17.16,37.08,1004
60604,4,18.04,4.2,1005
52564,4,18.88,4.68,1006
20166,4,13.24,35.76,1007
16235,4,17.28,4.24,1008
56764,4,16.36,6.16,1009
9595,4,18.36,6.12,1010
62964,4,9.52,13.92,1011
30486,4,15.28,31.88,1012
24366,4,15.76,31.84,1013
72952,4,17.44,35.92,1014
97672,4,9.32,12.96,1015
73432,4,16.76,7.12,1016
114472,4,18.68,32.32,1017
11255,4,16.88,6.92,1018
36844,4,16.32,4.6,1019
9215,4,16.8,35.76,1020
118792,4,16.28,4.16,1021
148112,4,17.6,4.12,1022
148272,4,9.32,13.0,1023
78472,4,18.24,36.48,1024
10325,4,16.36,37.0,1025
12905,4,18.4,6.8,1026
149712,4,15.8,29.4,1027
31026,4,18.76,4.0,1028
79192,4,6.88,3.68,1029
28026,4,17.04,6.92,1030
25986,4,8.76,13.96,1031
12485,4,17.04,35.04,1032
9425,4,15.28,30.2,1033
28086,4,16.52,37.68,1034
41884,4,17.76,33.4,1035
60364,4,17.04,29.0,1036
19966,4,18.8,33.04,1037
136017,4,17.96,7.16,1038
145137,4,17.48,4.0,1039
129257,4,16.64,6.44,1040
121417,4,16.72,33.52,1041
136722,4,18.52,7.12,1042
68377,4,6.96,3.2,1043
89257,4,6.8,3.44,1044
85177,4,18.24,35.76,1045
154002,4,9.4,12.04,1046
77017,4,4.72,16.88,1047
106057,4,4.32,16.64,1048
110617,4,12.24,33.08,1049
123017,4,6.68,3.84,1050
131442,4,13.68,32.84,1051
86377,4,16.76,4.12,1052
111017,4,18.12,35.52,1053
99577,4,17.04,4.64,1054
120697,4,15.2,32.72,1055
92137,4,18.28,34.04,1056
152787,4,17.08,35.0,1057
158387,4,16.0,6.84,1058
54469,4,18.8,33.2,1059
50389,4,18.48,34.92,1060
113242,4,17.2,4.48,1061
136692,4,19.12,7.12,1062
105562,4,17.28,38.28,1063
105802,4,16.96,32.84,1064
36589,4,16.36,33.44,1065
42829,4,16.76,4.32,1066
102362,4,19.16,36.52,1067
86122,4,18.96,6.04,1068
127162,4,16.04,34.48,1069
32869,4,18.36,4.72,1070
63589,4,17.24,35.88,1071
43429,4,16.36,4.32,1072
70522,4,19.2,4.44,1073
87082,4,18.4,4.68,1074
91402,4,17.04,4.28,1075
60109,4,17.64,35.6,1076
99802,4,16.36,4.4,1077
95722,4,9.24,12.68,1078
39709,4,16.16,7.12,1079
41869,4,16.4,35.0,1080
135477,4,16.48,36.84,1081
71947,4,19.08,4.6,1082
92827,4,18.28,32.8,1083
109387,4,16.36,33.88,1084
72667,4,9.56,12.36,1085
137622,4,19.08,4.8,1086
87067,4,16.12,37.04,1087
120347,4,18.16,4.44,1088
142422,4,17.84,6.56,1089
100267,4,19.16,34.72,1090
146967,4,17.12,32.04,1091
141207,4,16.96,36.72,1092
166167,4,14.72,28.2,1093
29271,4,4.28,16.92,1094
50374,4,17.8,36.2,1095
109532,4,9.16,13.4,1096
31491,4,18.88,34.32,1097
137592,4,16.96,6.36,1098
105932,4,18.48,37.72,1099
114172,4,13.44,34.48,1100
61294,4,17.44,4.04,1101
29631,4,7.08,3.64,1102
85852,4,9.16,14.24,1103
34774,4,18.0,6.92,1104
65494,4,18.6,6.56,1105
47134,4,18.0,4.32,1106
23571,4,16.36,4.72,1107
34894,4,19.04,33.4,1108
29751,4,17.84,34.04,1109
70012,4,17.4,32.16,1110
23671,4,13.32,37.04,1111
35134,4,8.36,14.16,1112
30951,4,4.08,17.32,1113
17731,4,15.28,31.08,1114
79132,4,15.96,33.44,1115
28111,4,18.6,6.8,1116
68077,4,16.24,32.92,1117
121597,4,9.2,14.2,1118
130397,4,19.04,35.88,1119
87277,4,17.36,37.76,1120
120397,4,18.48,4.6,1121
142842,4,18.4,4.28,1122
143867,4,12.88,36.64,1123
62479,4,16.72,4.76,1124
58399,4,16.6,32.2,1125
80062,4,16.12,4.36,1126
92542,4,4.56,17.2,1127
58959,4,16.96,4.2,1128
57079,4,4.52,17.16,1129
48919,4,16.84,4.48,1130
73342,4,18.24,34.88,1131
55159,4,12.32,37.2,1132
147132,4,12.08,32.96,1133
65479,4,18.56,4.68,1134
36879,4,8.96,13.2,1135
106702,4,16.12,37.04,1136
58119,4,14.64,32.68,1137
75742,4,8.4,13.36,1138
85567,4,16.88,4.08,1139
65567,4,18.68,33.8,1140
90367,4,17.6,32.36,1141
131742,4,9.12,14.32,1142
156702,4,16.52,6.96,1143
140862,4,16.04,4.04,1144
127807,4,17.0,4.76,1145
91007,4,17.04,37.28,1146
107567,4,16.08,29.0,1147
142782,4,18.64,34.32,1148
120607,4,18.56,32.92,1149
88432,4,18.6,34.72,1150
121232,4,14.64,31.72,1151
15170,4,18.72,33.96,1152
15200,4,18.48,6.96,1153
9590,4,16.04,4.28,1154
1967,4,15.92,32.88,1155
300,4,7.2,3.44,1156
8230,4,16.88,6.24,1157
5141,4,6.36,3.28,1158
7716,4,18.96,36.12,1159
14920,4,17.72,4.56,1160
14960,4,14.92,31.68,1161
12940,4,19.08,4.24,1162
71152,4,17.64,6.4,1163
28056,4,8.28,12.92,1164
135072,4,17.68,4.08,1165
152772,4,6.16,3.8,1166
89362,4,18.96,4.36,1167
93187,4,16.0,32.24,1168
103267,4,19.0,4.48,1169
120307,4,16.76,4.48,1170
150087,4,16.08,37.92,1171
57274,4,17.28,6.96,1172
28881,4,18.16,33.28,1173
149832,4,17.48,36.44,1174
133962,4,16.04,31.32,1175
124837,4,17.16,4.12,1176
36379,4,18.96,4.04,1177
35299,4,16.44,4.12,1178
94087,4,17.88,4.68,1179
42004,4,17.48,4.2,1180
74215,4,12.88,37.44,1181
18958,4,16.68,37.76,1182
88120,4,17.76,33.72,1183
54388,4,16.92,35.64,1184
100840,4,17.0,37.64,1185
24198,4,8.08,12.32,1186
9551,4,18.0,4.36,1187
34108,4,8.24,12.72,1188
30378,4,17.4,4.28,1189
15191,4,9.0,13.88,1190
68440,4,18.88,7.16,1191
64948,4,16.68,37.4,1192
16241,4,17.68,4.12,1193
9611,4,17.84,6.36,1194
24378,4,18.24,35.96,1195
46708,4,19.08,6.68,1196
22338,4,17.6,4.16,1197
145968,4,16.72,6.24,1198
163088,4,17.36,6.92,1199
14291,4,18.0,33.0,1200
46948,4,16.0,36.36,1201
17358,4,13.4,32.4,1202
57268,4,18.48,4.48,1203
14321,4,9.08,12.52,1204
65560,4,8.04,13.6,1205
110680,4,8.04,12.12,1206
59548,4,17.24,4.16,1207
45268,4,18.08,32.64,1208
70120,4,8.84,13.48,1209
31938,4,4.76,16.64,1210
30918,4,18.92,33.36,1211
82840,4,8.72,12.8,1212
70600,4,18.52,4.32,1213
14471,4,18.56,37.76,1214
11921,4,6.12,17.6,1215
33388,4,16.48,4.44,1216
55948,4,16.92,6.32,1217
10931,4,17.36,4.28,1218
22938,4,17.48,38.12,1219
24018,4,18.36,34.92,1220
10991,4,8.56,13.84,1221
35788,4,16.92,6.8,1222
112600,4,17.68,32.36,1223
144273,4,16.52,32.6,1224
162833,4,18.4,4.36,1225
147153,4,17.08,32.32,1226
135153,4,16.92,37.12,1227
80665,4,16.4,29.68,1228
113465,4,15.0,30.12,1229
81145,4,19.04,4.4,1230
109945,4,13.48,32.96,1231
105865,4,16.36,4.48,1232
82025,4,15.0,28.4,1233
82105,4,18.28,6.56,1234
142418,4,17.88,6.16,1235
108265,4,16.4,32.24,1236
96025,4,17.0,34.52,1237
164403,4,16.0,34.0,1238
150003,4,18.52,35.48,1239
150483,4,15.8,30.68,1240
42093,4,17.68,4.12,1241
104890,4,19.2,35.64,1242
40173,4,17.64,6.88,1243
121450,4,15.56,28.0,1244
117850,4,4.76,16.4,1245
130330,4,19.0,35.24,1246
40693,4,16.36,33.6,1247
77290,4,16.56,4.04,1248
46933,4,18.08,35.32,1249
42853,4,18.72,4.28,1250
57493,4,18.52,32.88,1251
39133,4,18.6,4.76,1252
33133,4,18.72,36.76,1253
49573,4,8.48,12.84,1254
70490,4,6.36,3.48,1255
166068,4,19.08,4.04,1256
70810,4,19.12,4.48,1257
158388,4,16.84,4.2,1258
60133,4,18.92,4.8,1259
148053,4,17.64,33.44,1260
150453,4,18.8,4.48,1261
121195,4,17.56,4.6,1262
113035,4,17.0,32.8,1263
113275,4,8.44,12.56,1264
161238,4,16.28,4.2,1265
93115,4,17.56,4.64,1266
68795,4,18.76,4.16,1267
154038,4,6.76,18.84,1268
69115,4,13.44,33.96,1269
155478,4,13.56,34.84,1270
102955,4,17.32,4.64,1271
140438,4,14.92,31.84,1272
103675,4,17.88,6.88,1273
71275,4,12.2,34.64,1274
67435,4,18.72,4.64,1275
108475,4,16.04,36.76,1276
149943,4,6.76,3.76,1277
96460,4,12.96,36.56,1278
24183,4,18.08,35.32,1279
40198,4,17.08,33.64,1280
38158,4,8.6,14.32,1281
18063,4,16.36,32.64,1282
34078,4,18.64,37.56,1283
52678,4,15.4,30.6,1284
40438,4,4.44,17.16,1285
38638,4,18.12,4.4,1286
97900,4,6.84,3.4,1287
38758,4,16.24,35.72,1288
130780,4,16.8,4.52,1289
31683,4,18.72,7.0,1290
55318,4,18.6,32.08,1291
131448,4,17.64,4.32,1292
61558,4,17.88,4.2,1293
41158,4,16.76,7.0,1294
17523,4,18.6,37.68,1295
63718,4,12.72,32.84,1296
66220,4,18.8,4.24,1297
157848,4,16.84,33.8,1298
103580,4,17.92,4.56,1299
39718,4,18.28,35.96,1300
100060,4,18.52,4.48,1301
43918,4,18.4,4.44,1302
60358,4,17.0,34.48,1303
112540,4,13.84,32.36,1304
140793,4,18.04,37.72,1305
135033,4,16.88,4.8,1306
155418,4,17.84,4.0,1307
78365,4,19.12,37.8,1308
107245,4,8.72,12.6,1309
91405,4,18.68,4.72,1310
71005,4,13.96,36.36,1311
83405,4,16.96,37.76,1312
166938,4,19.12,4.08,1313
79645,4,17.16,32.6,1314
120685,4,16.32,6.48,1315
135963,4,17.88,32.48,1316
154203,4,17.6,38.32,1317
146043,4,14.56,31.96,1318
142683,4,17.56,4.24,1319
143003,4,12.28,34.08,1320
159483,4,18.72,4.24,1321
168348,4,16.8,36.6,1322
62623,4,17.08,37.36,1323
136668,4,17.32,37.24,1324
36223,4,18.44,34.68,1325
121630,4,16.64,4.4,1326
109390,4,12.84,35.16,1327
145308,4,17.92,6.24,1328
65023,4,12.4,37.4,1329
61143,4,18.44,4.68,1330
154908,4,12.64,37.72,1331
118750,4,17.36,4.64,1332
55303,4,17.64,7.0,1333
155708,4,17.12,29.72,1334
45223,4,18.68,32.84,1335
148668,4,18.84,4.44,1336
70270,4,18.88,36.32,1337
127870,4,17.4,6.0,1338
103390,4,16.96,6.72,1339
47623,4,17.28,4.4,1340
57943,4,18.96,34.8,1341
39783,4,9.24,13.08,1342
80575,4,17.92,37.48,1343
125935,4,18.96,38.2,1344
126175,4,18.96,4.0,1345
101615,4,17.24,29.04,1346
149598,4,18.2,4.4,1347
103855,4,17.12,4.28,1348
100015,4,18.36,33.08,1349
143583,4,15.0,31.44,1350
164703,4,13.12,32.52,1351
5519,4,18.36,4.72,1352
104800,4,18.8,4.52,1353
22108,4,18.76,4.56,1354
76240,4,16.44,4.16,1355
20088,4,17.76,4.6,1356
64768,4,17.04,37.28,1357
197,4,16.08,4.24,1358
54688,4,17.24,4.44,1359
3435,4,16.44,6.16,1360
77360,4,16.08,4.2,1361
81520,4,18.04,4.08,1362
24528,4,18.52,37.56,1363
63408,4,15.32,29.08,1364
6939,4,15.52,30.4,1365
55608,4,6.8,3.44,1366
5949,4,17.2,6.84,1367
150528,4,17.92,4.28,1368
5219,4,16.32,4.4,1369
99920,4,16.96,32.52,1370
8426,4,16.16,7.08,1371
148193,4,14.48,31.44,1372
161378,4,8.16,13.52,1373
89185,4,17.72,37.08,1374
90545,4,14.48,31.92,1375
103330,4,14.88,30.36,1376
30513,4,16.24,7.2,1377
31713,4,17.88,6.92,1378
28113,4,12.8,34.04,1379
135273,4,18.36,34.04,1380
42883,4,18.8,4.32,1381
60163,4,17.56,37.56,1382
83671,4,6.0,3.2,1383
33796,4,6.36,3.8,1384
104536,4,18.48,34.32,1385
121016,4,16.32,4.68,1386
29262,4,19.04,35.36,1387
104776,4,19.04,32.16,1388
92536,4,18.52,32.64,1389
72136,4,18.04,4.76,1390
9533,4,4.76,18.28,1391
14663,4,14.76,29.56,1392
24222,4,17.28,38.24,1393
109336,4,16.52,36.64,1394
30442,4,14.56,28.4,1395
22282,4,4.72,16.24,1396
27462,4,17.48,38.16,1397
29542,4,16.76,37.48,1398
65236,4,18.96,38.32,1399
12223,4,17.0,29.32,1400
101896,4,18.72,6.16,1401
154800,4,18.88,4.48,1402
38716,4,19.12,35.12,1403
130696,4,17.88,34.96,1404
53116,4,17.68,36.44,1405
26562,4,18.44,35.6,1406
38836,4,18.92,6.36,1407
65476,4,16.76,36.72,1408
57316,4,8.8,12.36,1409
26622,4,14.52,30.28,1410
164240,4,17.0,33.48,1411
51316,4,17.04,4.68,1412
59596,4,18.04,4.4,1413
15413,4,6.48,9.4,1414
14393,4,6.48,3.76,1415
156560,4,17.44,6.32,1416
39436,4,17.36,4.12,1417
16043,4,17.76,4.16,1418
55996,4,16.6,37.32,1419
166800,4,15.44,29.08,1420
10943,4,18.28,4.32,1421
8903,4,13.32,35.28,1422
8393,4,18.6,32.52,1423
13013,4,17.88,35.92,1424
39796,4,19.16,6.36,1425
8933,4,14.52,28.92,1426
19962,4,17.32,37.0,1427
147185,4,17.0,6.52,1428
132465,4,17.04,4.08,1429
151025,4,18.84,34.08,1430
121081,4,18.92,6.76,1431
113161,4,16.6,30.32,1432
113881,4,17.16,4.36,1433
77161,4,16.56,32.52,1434
93881,4,17.6,6.72,1435
127081,4,16.0,36.28,1436
111401,4,16.48,4.08,1437
135090,4,8.2,12.16,1438
148275,4,19.04,33.36,1439
141395,4,19.04,4.24,1440
52381,4,18.76,4.44,1441
96586,4,7.08,3.64,1442
84586,4,17.92,34.96,1443
42301,4,16.16,36.72,1444
54661,4,17.92,4.6,1445
38341,4,15.68,30.16,1446
56821,4,18.48,6.72,1447
54781,4,16.2,32.44,1448
38581,4,8.92,15.8,1449
162900,4,17.72,4.0,1450
81466,4,19.04,7.0,1451
110906,4,19.16,34.08,1452
94666,4,17.28,4.76,1453
156660,4,17.48,6.24,1454
78346,4,16.8,4.2,1455
91226,4,17.08,36.52,1456
79066,4,17.16,6.2,1457
60061,4,9.08,14.24,1458
55981,4,16.08,35.64,1459
99706,4,16.08,35.64,1460
64381,4,18.72,4.6,1461
124666,4,16.04,4.68,1462
120586,4,9.0,13.2,1463
75706,4,19.0,4.68,1464
124906,4,18.8,33.52,1465
161205,4,16.04,38.0,1466
161685,4,17.68,6.32,1467
138645,4,17.52,4.76,1468
80251,4,18.12,35.8,1469
84811,4,8.52,13.44,1470
117691,4,16.08,4.52,1471
109771,4,8.88,13.88,1472
85291,4,8.32,12.28,1473
146070,4,14.12,35.56,1474
73531,4,17.24,4.68,1475
94171,4,9.12,15.0,1476
114811,4,17.48,34.96,1477
102811,4,17.44,36.64,1478
99211,4,17.28,37.12,1479
91291,4,18.08,32.8,1480
66811,4,18.68,34.64,1481
111931,4,14.72,33.36,1482
79531,4,17.48,35.8,1483
137175,4,16.72,33.76,1484
147255,4,18.16,32.96,1485
164535,4,16.24,6.4,1486
79996,4,9.4,13.12,1487
36046,4,16.08,4.44,1488
84556,4,17.32,4.72,1489
26307,4,17.96,4.32,1490
56806,4,16.8,34.44,1491
105436,4,18.28,4.0,1492
54886,4,17.64,36.44,1493
26427,4,17.28,6.96,1494
81196,4,17.36,4.16,1495
30567,4,16.96,4.6,1496
81356,4,17.36,4.16,1497
162840,4,17.68,4.0,1498
122476,4,13.76,36.16,1499
138840,4,18.24,37.8,1500
94156,4,15.48,28.44,1501
102476,4,14.92,28.76,1502
26667,4,17.44,4.32,1503
47206,4,16.04,28.84,1504
65836,4,7.04,3.44,1505
53446,4,17.48,36.16,1506
78476,4,16.76,4.76,1507
33166,4,15.24,32.16,1508
119596,4,17.72,4.56,1509
30927,4,16.32,6.68,1510
28887,4,6.08,3.44,1511
17667,4,18.0,4.32,1512
57886,4,17.8,4.64,1513
107596,4,16.48,29.92,1514
24867,4,19.0,36.56,1515
55966,4,16.0,31.32,1516
79276,4,16.68,4.08,1517
150360,4,9.04,14.12,1518
30087,4,18.6,33.4,1519
142680,4,17.36,38.36,1520
71356,4,17.32,36.84,1521
58366,4,15.12,31.28,1522
147705,4,16.44,4.72,1523
150585,4,17.04,4.04,1524
150905,4,8.28,12.44,1525
125581,4,17.92,35.44,1526
80701,4,17.6,38.32,1527
145050,4,9.56,12.4,1528
161850,4,18.36,32.28,1529
126061,4,6.64,18.0,1530
163290,4,8.76,13.12,1531
140250,4,16.36,33.32,1532
78541,4,17.76,36.24,1533
132570,4,17.56,4.56,1534
103261,4,16.36,35.56,1535
91261,4,4.08,16.16,1536
87181,4,17.36,38.08,1537
112381,4,16.8,36.72,1538
162875,4,17.0,33.96,1539
131835,4,17.04,4.48,1540
166875,4,16.16,6.12,1541
35911,4,17.52,4.64,1542
129166,4,19.12,32.04,1543
96526,4,18.96,36.48,1544
54511,4,16.24,34.52,1545
144540,4,17.92,6.56,1546
161340,4,8.92,14.24,1547
42391,4,17.56,37.88,1548
52711,4,17.52,6.96,1549
126046,4,16.4,33.0,1550
65271,4,17.8,32.68,1551
59311,4,17.16,37.52,1552
94046,4,17.56,6.44,1553
57271,4,19.04,32.12,1554
147420,4,19.04,37.48,1555
47151,4,18.92,6.4,1556
94366,4,15.52,29.96,1557
123166,4,16.16,4.12,1558
78286,4,18.76,35.08,1559
55591,4,16.44,4.0,1560
82606,4,18.2,38.08,1561
111406,4,17.28,4.2,1562
82846,4,6.04,3.64,1563
149340,4,8.72,12.6,1564
133980,4,14.68,32.24,1565
120286,4,12.56,38.04,1566
100126,4,18.0,38.36,1567
62431,4,18.0,6.32,1568
60391,4,16.92,28.12,1569
141885,4,16.44,4.8,1570
75871,4,17.48,34.48,1571
88831,4,16.88,7.08,1572
147390,4,17.04,4.08,1573
65551,4,16.84,35.16,1574
123871,4,9.24,12.96,1575
124111,4,18.6,33.36,1576
120271,4,18.52,38.4,1577
154815,4,16.92,37.16,1578
67936,4,15.28,32.68,1579
11068,4,16.44,36.44,1580
11108,4,18.6,4.28,1581
114176,4,16.32,4.2,1582
17392,4,17.8,7.0,1583
23692,4,18.96,4.48,1584
16632,4,14.92,28.48,1585
99376,4,18.6,4.56,1586
60096,4,17.84,6.72,1587
165345,4,16.44,31.08,1588
167265,4,16.64,28.8,1589
119041,4,17.84,32.8,1590
167715,4,8.64,12.68,1591
144420,4,8.4,13.28,1592
69106,4,16.96,35.36,1593
61561,4,17.24,4.52,1594
80611,4,18.4,4.72,1595
123571,4,15.68,30.48,1596
51346,4,16.64,34.04,1597
105301,4,17.4,32.84,1598
107446,4,12.56,37.68,1599
76231,4,18.12,4.08,1600
86311,4,9.2,12.0,1601
156659,4,6.92,3.28,1602
84988,4,13.72,34.2,1603
15257,4,18.8,4.6,1604
42652,4,17.28,37.16,1605
61102,4,18.12,32.44,1606
48277,4,12.24,34.04,1607
25455,4,17.24,4.04,1608
162744,4,18.92,4.12,1609
17610,4,16.6,37.92,1610
46942,4,19.2,32.2,1611
38197,4,18.6,33.12,1612
32715,4,6.6,3.76,1613
54717,4,16.32,4.04,1614
88888,4,6.76,3.24,1615
18435,4,18.88,4.24,1616
56797,4,17.4,4.4,1617
32782,4,16.44,4.08,1618
33172,4,16.64,4.24,1619
26655,4,15.12,33.32,1620
126058,4,4.08,18.76,1621
51262,4,8.92,12.32,1622
130408,4,6.08,3.76,1623
24615,4,15.6,30.52,1624
29775,4,8.24,12.04,1625
38797,4,16.64,34.16,1626
123628,4,16.04,4.52,1627
49612,4,8.24,13.52,1628
30915,4,18.24,32.96,1629
39412,4,17.6,35.16,1630
114538,4,8.44,13.64,1631
149304,4,13.76,35.64,1632
18030,4,8.8,14.36,1633
70588,4,17.2,29.92,1634
65517,4,16.96,4.72,1635
47662,4,16.04,32.24,1636
142104,4,18.04,4.16,1637
65578,4,6.28,3.2,1638
25995,4,4.24,18.48,1639
122488,4,18.04,37.8,1640
75388,4,19.2,4.68,1641
127018,4,18.88,4.48,1642
60382,4,18.96,36.6,1643
123928,4,16.04,4.2,1644
148569,4,16.16,33.48,1645
49732,4,19.2,32.16,1646
141369,4,16.96,4.32,1647
86218,4,8.12,13.04,1648
167289,4,18.8,32.28,1649
19170,4,18.68,6.28,1650
119098,4,16.2,36.68,1651
143514,4,17.04,35.08,1652
8477,4,16.48,4.6,1653
71933,4,17.4,6.16,1654
33037,4,17.44,34.08,1655
113293,4,17.04,4.4,1656
47557,4,8.0,15.44,1657
109213,4,16.48,35.64,1658
120088,4,16.2,6.76,1659
144954,4,17.72,4.4,1660
9707,4,17.04,36.44,1661
105613,4,17.32,4.0,1662
122173,4,18.2,33.2,1663
149364,4,16.64,4.64,1664
11447,4,4.64,17.56,1665
130733,4,17.6,6.96,1666
107578,4,14.52,30.92,1667
127693,4,18.72,4.4,1668
73768,4,19.08,33.72,1669
115453,4,16.56,33.32,1670
159354,4,17.04,4.52,1671
79018,4,16.88,36.08,1672
151739,4,16.8,28.56,1673
116248,4,4.16,18.08,1674
57997,4,18.92,37.68,1675
162939,4,17.8,33.88,1676
132539,4,8.4,13.88,1677
55957,4,16.64,32.6,1678
152784,4,18.12,4.44,1679
133659,4,16.4,38.32,1680
11987,4,16.36,34.36,1681
116878,4,16.72,4.68,1682
64477,4,16.48,35.04,1683
80078,4,16.36,4.32,1684
152949,4,18.2,4.4,1685
108958,4,16.88,32.48,1686
34047,4,17.04,4.76,1687
56212,4,16.64,29.76,1688
145269,4,9.08,12.64,1689
40207,4,13.68,34.4,1690
54732,4,17.96,4.32,1691
56647,4,14.44,28.56,1692
147669,4,18.04,4.24,1693
137244,4,8.72,12.76,1694
130318,4,16.72,33.6,1695
8207,4,15.92,31.88,1696
167349,4,18.68,6.8,1697
50887,4,14.52,33.48,1698
13037,4,17.88,4.48,1699
81358,4,17.16,4.64,1700
96283,4,17.44,4.64,1701
38647,4,12.16,32.36,1702
51007,4,8.24,14.2,1703
137649,4,18.2,4.8,1704
125563,4,16.2,32.28,1705
102478,4,16.04,32.08,1706
45247,4,8.8,12.24,1707
14207,4,18.0,37.52,1708
103198,4,19.04,37.24,1709
84763,4,4.4,19.08,1710
78958,4,19.16,6.96,1711
132849,4,9.08,13.88,1712
62127,4,8.48,13.2,1713
21570,4,17.84,33.36,1714
120238,4,16.2,4.32,1715
84923,4,8.32,12.6,1716
165969,4,16.64,4.72,1717
81343,4,18.0,4.76,1718
106363,4,14.8,31.2,1719
139614,4,13.6,32.92,1720
131934,4,18.4,4.2,1721
63652,4,18.88,35.32,1722
91183,4,17.24,4.64,1723
139254,4,16.68,35.2,1724
121033,4,16.2,32.36,1725
96223,4,18.96,4.08,1726
119563,4,17.8,4.6,1727
3654,4,6.64,3.68,1728
52372,4,17.32,32.56,1729
32340,4,18.24,4.04,1730
58552,4,8.88,14.04,1731
83563,4,17.48,6.44,1732
4044,4,18.84,34.72,1733
142614,4,18.92,4.2,1734
92873,4,18.08,34.08,1735
104848,4,7.04,3.2,1736
152439,4,17.6,33.64,1737
96688,4,16.52,35.28,1738
130168,4,19.16,4.8,1739
13112,4,15.08,32.8,1740
146679,4,8.48,13.6,1741
48352,4,14.68,33.36,1742
65593,4,8.44,12.28,1743
3279,4,17.08,29.12,1744
23160,4,19.12,32.12,1745
51412,4,18.48,34.12,1746
3024,4,14.36,32.52,1747
148119,4,13.72,34.52,1748
80528,4,8.16,13.32,1749
28810,4,18.2,4.16,1750
6572,4,18.88,32.68,1751
139959,4,18.4,6.72,1752
86153,4,12.64,32.04,1753
535,4,17.68,4.68,1754
26115,4,18.16,4.2,1755
2274,4,18.12,36.04,1756
93808,4,17.12,34.84,1757
92188,4,16.52,35.24,1758
13282,4,16.76,38.24,1759
86953,4,18.36,35.72,1760
30940,4,16.2,4.2,1761
62502,4,18.32,6.76,1762
585,4,15.52,32.44,1763
26290,4,18.64,4.08,1764
31275,4,9.32,13.28,1765
136034,4,16.36,34.92,1766
163074,4,18.72,4.48,1767
150834,4,16.84,4.28,1768
58462,4,17.72,4.6,1769
94193,4,17.28,7.2,1770
8267,4,17.4,33.4,1771
65713,4,16.64,33.32,1772
145284,4,18.6,6.32,1773
58372,4,9.52,12.68,1774
164484,4,15.64,30.0,1775
27195,4,16.56,4.2,1776
92098,4,16.44,6.16,1777
147699,4,17.28,28.24,1778
48262,4,17.6,4.76,1779
134469,4,15.16,33.36,1780
43162,4,17.52,4.48,1781
131379,4,19.0,4.48,1782
63922,4,17.48,7.04,1783
33982,4,16.52,33.2,1784
9827,4,16.48,4.04,1785
46147,4,14.76,31.08,1786
38182,4,8.92,14.08,1787
63547,4,17.28,35.28,1788
151374,4,16.4,4.56,1789
113308,4,17.72,34.72,1790
28174,4,17.48,4.44,1791
24174,4,17.16,30.36,1792
12659,4,18.2,4.68,1793
62940,4,16.56,38.2,1794
137136,4,17.08,38.12,1795
9089,4,17.4,38.36,1796
44580,4,14.92,29.08,1797
105784,4,17.32,36.2,1798
30574,4,16.6,4.16,1799
9659,4,18.32,7.12,1800
138576,4,16.2,32.92,1801
9689,4,19.12,32.4,1802
30654,4,18.2,35.64,1803
53140,4,16.2,32.64,1804
32754,4,6.16,3.48,1805
16434,4,18.8,4.24,1806
61540,4,6.88,3.36,1807
37060,4,18.28,35.04,1808
47340,4,17.52,36.56,1809
14399,4,9.24,13.88,1810
17574,4,19.04,6.4,1811
59740,4,18.92,34.08,1812
49540,4,17.6,6.16,1813
90904,4,9.4,14.2,1814
87064,4,9.16,13.28,1815
17754,4,18.56,36.76,1816
8879,4,17.16,6.12,1817
10949,4,14.2,34.0,1818
35700,4,13.16,34.2,1819
167376,4,18.16,6.52,1820
41860,4,16.12,32.64,1821
19914,4,6.6,3.64,1822
35740,4,16.16,32.4,1823
16109,4,18.16,4.12,1824
30174,4,15.64,29.32,1825
13049,4,17.0,34.28,1826
151536,4,19.16,6.48,1827
135921,4,16.24,4.68,1828
144561,4,16.72,4.6,1829
146001,4,17.6,4.24,1830
154641,4,14.72,30.96,1831
156561,4,18.4,4.28,1832
116809,4,17.56,36.56,1833
112729,4,18.72,6.6,1834
88489,4,9.24,12.52,1835
160626,4,18.28,4.28,1836
113209,4,14.52,28.6,1837
109129,4,16.96,4.08,1838
88969,4,18.0,34.36,1839
113929,4,6.56,3.48,1840
154386,4,18.2,4.68,1841
118249,4,6.32,3.72,1842
106249,4,17.36,36.16,1843
147186,4,16.84,7.04,1844
99049,4,18.36,4.44,1845
71449,4,6.48,3.76,1846
132051,4,15.92,33.44,1847
151251,4,18.32,36.0,1848
92314,4,8.32,14.04,1849
108874,4,6.96,17.24,1850
50485,4,19.04,4.48,1851
84634,4,16.44,31.68,1852
52645,4,6.68,3.48,1853
161556,4,18.12,37.8,1854
56845,4,18.4,4.4,1855
81034,4,16.16,4.32,1856
36565,4,18.6,35.92,1857
118234,4,19.16,32.96,1858
61285,4,16.56,35.16,1859
106634,4,16.4,4.36,1860
106714,4,17.64,4.56,1861
164436,4,18.92,36.8,1862
70474,4,18.88,38.28,1863
47605,4,16.68,32.16,1864
74794,4,17.6,35.08,1865
49885,4,17.84,4.2,1866
150516,4,18.0,4.04,1867
37645,4,17.28,4.28,1868
116314,4,16.96,31.64,1869
134676,4,8.6,16.12,1870
160181,4,18.64,4.2,1871
140181,4,16.28,4.76,1872
140661,4,4.8,17.84,1873
166581,4,16.28,4.28,1874
129499,4,4.12,17.6,1875
93019,4,18.64,33.64,1876
125899,4,18.64,37.56,1877
162006,4,18.8,34.36,1878
85339,4,19.04,32.84,1879
138006,4,17.32,4.08,1880
97819,4,18.88,37.44,1881
77419,4,17.88,4.64,1882
130699,4,8.88,14.12,1883
164406,4,18.12,6.96,1884
90619,4,13.96,32.76,1885
123499,4,18.36,4.24,1886
99019,4,16.96,4.2,1887
135831,4,17.2,32.44,1888
153591,4,16.76,32.6,1889
164631,4,17.04,6.4,1890
134391,4,16.12,6.0,1891
116764,4,17.64,4.4,1892
31299,4,16.48,37.28,1893
104764,4,18.12,33.56,1894
58630,4,17.08,36.2,1895
50470,4,18.76,4.28,1896
32439,4,17.56,4.52,1897
113404,4,16.84,33.16,1898
88924,4,14.24,35.76,1899
34270,4,16.84,7.16,1900
54790,4,16.24,6.16,1901
17199,4,18.16,32.72,1902
122044,4,18.28,37.2,1903
46750,4,6.04,18.36,1904
81244,4,18.28,33.72,1905
21399,4,17.36,4.16,1906
53110,4,17.24,34.28,1907
38830,4,4.2,17.84,1908
61390,4,17.6,38.24,1909
20499,4,18.44,32.52,1910
53350,4,18.92,4.36,1911
26679,4,17.68,6.88,1912
47230,4,16.88,4.44,1913
45190,4,6.0,3.4,1914
63670,4,16.76,35.28,1915
59590,4,8.08,13.88,1916
24679,4,15.84,29.12,1917
156696,4,17.84,33.36,1918
39190,4,16.6,4.24,1919
70444,4,16.4,32.84,1920
55750,4,16.36,34.36,1921
25839,4,16.96,4.2,1922
23799,4,18.0,4.48,1923
16659,4,13.24,33.68,1924
32019,4,15.76,32.56,1925
53830,4,6.56,3.24,1926
41590,4,16.64,29.0,1927
128284,4,15.08,31.92,1928
111964,4,17.44,6.28,1929
108124,4,6.2,3.24,1930
91804,4,18.24,4.44,1931
26079,4,19.2,32.72,1932
167001,4,6.64,3.52,1933
116749,4,17.04,30.72,1934
75949,4,8.56,14.24,1935
113389,4,17.12,30.64,1936
81229,4,18.84,33.32,1937
122509,4,16.68,37.6,1938
164346,4,13.2,38.28,1939
164666,4,17.32,4.76,1940
78349,4,16.52,4.64,1941
111949,4,13.16,36.96,1942
71389,4,15.68,29.04,1943
128749,4,17.48,35.0,1944
162171,4,18.36,4.04,1945
131451,4,19.08,4.48,1946
158171,4,18.04,4.48,1947
167931,4,17.24,34.28,1948
38095,4,18.8,4.12,1949
40255,4,17.2,4.12,1950
136956,4,16.16,35.44,1951
44815,4,18.8,36.16,1952
38695,4,14.12,37.92,1953
102094,4,17.72,32.72,1954
94414,4,15.0,33.52,1955
131676,4,17.64,34.2,1956
47335,4,16.32,6.6,1957
61695,4,18.04,35.24,1958
127534,4,4.32,18.96,1959
82894,4,18.12,32.8,1960
41655,4,15.08,31.52,1961
143196,4,6.68,3.64,1962
165981,4,6.16,3.76,1963
164286,4,14.44,30.92,1964
74479,4,18.24,4.36,1965
151326,4,7.16,3.44,1966
154911,4,17.76,4.16,1967
167391,4,16.4,4.32,1968
13064,4,15.8,30.2,1969
11534,4,4.28,18.76,1970
151776,4,16.72,33.44,1971
8474,4,12.24,34.2,1972
1765,4,16.88,4.64,1973
31344,4,8.88,16.24,1974
12104,4,17.24,35.24,1975
24264,4,18.6,6.96,1976
9574,4,16.12,29.92,1977
5303,4,17.2,32.76,1978
727,4,18.08,4.4,1979
32484,4,17.88,33.04,1980
30444,4,16.56,36.16,1981
14714,4,17.52,32.88,1982
22344,4,17.4,6.6,1983
9754,4,16.4,32.12,1984
103184,4,16.4,37.8,1985
99904,4,18.8,34.72,1986
134336,4,8.36,14.28,1987
15584,4,15.92,30.96,1988
9964,4,12.6,35.64,1989
89009,4,14.88,33.2,1990
77314,4,18.8,32.92,1991
48025,4,12.4,32.32,1992
19869,4,17.12,29.92,1993
149961,4,17.64,4.36,1994
116389,4,16.92,28.28,1995
152331,4,16.44,6.92,1996
42355,4,18.36,4.36,1997
138606,4,14.76,28.68,1998
150126,4,4.44,16.6,1999
115207,4,16.04,35.6,2000
28174,3,19.4,4.96,2001
24174,3,19.08,33.72,2002
50470,3,20.84,4.76,2003
12659,3,20.2,5.2,2004
31344,3,9.88,18.04,2005
32439,3,19.52,5.0,2006
62940,3,18.4,42.44,2007
137136,3,18.96,42.36,2008
167931,3,19.16,38.08,2009
9089,3,19.36,42.64,2010
38095,3,20.88,4.56,2011
44580,3,16.56,32.32,2012
113404,3,18.72,36.84,2013
152331,3,18.24,7.72,2014
105784,3,19.24,40.2,2015
30574,3,18.44,4.64,2016
88924,3,15.84,39.72,2017
9659,3,20.36,7.92,2018
34270,3,18.68,7.96,2019
138576,3,18.0,36.56,2020
40255,3,19.12,4.6,2021
9689,3,21.24,36.0,2022
54790,3,18.08,6.84,2023
12104,3,19.16,39.16,2024
30654,3,20.24,39.6,2025
134336,3,9.32,15.88,2026
53140,3,18.0,36.28,2027
17199,3,20.16,36.32,2028
32754,3,6.84,3.88,2029
122044,3,20.28,41.36,2030
16434,3,20.88,4.72,2031
136956,3,17.96,39.4,2032
61540,3,7.64,3.76,2033
37060,3,20.28,38.92,2034
44815,3,20.92,40.2,2035
47340,3,19.44,40.6,2036
46750,3,6.72,20.4,2037
14399,3,10.28,15.44,2038
149961,3,19.6,4.84,2039
17574,3,21.16,7.12,2040
81244,3,20.28,37.44,2041
21399,3,19.28,4.6,2042
59740,3,21.04,37.84,2043
24264,3,20.68,7.72,2044
49540,3,19.52,6.84,2045
90904,3,10.44,15.76,2046
38695,3,15.72,42.12,2047
87064,3,10.16,14.76,2048
53110,3,19.12,38.08,2049
17754,3,20.6,40.84,2050
15584,3,17.68,34.4,2051
38830,3,4.68,19.84,2052
8879,3,19.08,6.8,2053
10949,3,15.76,37.8,2054
61390,3,19.56,42.48,2055
35700,3,14.64,38.0,2056
102094,3,19.68,36.36,2057
94414,3,16.68,37.24,2058
167376,3,20.16,7.24,2059
41860,3,17.88,36.24,2060
20499,3,20.48,36.16,2061
19914,3,7.32,4.04,2062
9574,3,17.92,33.24,2063
35740,3,17.96,36.0,2064
53350,3,21.04,4.84,2065
5303,3,19.12,36.4,2066
16109,3,20.2,4.56,2067
26679,3,19.64,7.64,2068
30174,3,17.4,32.56,2069
131676,3,19.64,38.0,2070
13049,3,18.88,38.12,2071
151536,3,21.32,7.2,2072
47230,3,18.76,4.92,2073
135921,3,18.04,5.2,2074
9964,3,14.0,39.64,2075
144561,3,18.6,5.12,2076
45190,3,6.68,3.8,2077
146001,3,19.56,4.68,2078
63670,3,18.64,39.2,2079
154641,3,16.36,34.4,2080
47335,3,18.16,7.36,2081
156561,3,20.44,4.72,2082
727,3,20.12,4.92,2083
116809,3,19.52,40.6,2084
59590,3,9.0,15.44,2085
61695,3,20.04,39.16,2086
112729,3,20.8,7.32,2087
88489,3,10.28,13.88,2088
24679,3,17.6,32.36,2089
42355,3,20.4,4.84,2090
160626,3,20.32,4.76,2091
113209,3,16.16,31.8,2092
156696,3,19.84,37.08,2093
39190,3,18.44,4.72,2094
109129,3,18.88,4.56,2095
88969,3,20.0,38.2,2096
127534,3,4.8,21.08,2097
113929,3,7.32,3.84,2098
70444,3,18.2,36.48,2099
82894,3,20.16,36.44,2100
154386,3,20.24,5.2,2101
55750,3,18.2,38.2,2102
118249,3,7.0,4.12,2103
106249,3,19.28,40.2,2104
32484,3,19.84,36.72,2105
25839,3,18.84,4.68,2106
147186,3,18.72,7.84,2107
89009,3,16.52,36.88,2108
99049,3,20.4,4.96,2109
23799,3,20.0,4.96,2110
71449,3,7.2,4.16,2111
41655,3,16.76,35.04,2112
132051,3,17.68,37.12,2113
16659,3,14.72,37.4,2114
151251,3,20.36,40.0,2115
30444,3,18.4,40.16,2116
92314,3,9.24,15.6,2117
108874,3,7.72,19.16,2118
32019,3,17.52,36.16,2119
50485,3,21.16,4.96,2120
143196,3,7.4,4.04,2121
84634,3,18.28,35.2,2122
53830,3,7.28,3.6,2123
138606,3,16.36,31.84,2124
52645,3,7.44,3.88,2125
41590,3,18.48,32.2,2126
161556,3,20.16,42.0,2127
165981,3,6.84,4.2,2128
56845,3,20.44,4.92,2129
81034,3,17.96,4.8,2130
164286,3,16.04,34.36,2131
128284,3,16.72,35.44,2132
36565,3,20.64,39.88,2133
118234,3,21.32,36.64,2134
14714,3,19.44,36.52,2135
111964,3,19.36,6.96,2136
61285,3,18.4,39.04,2137
106634,3,18.24,4.88,2138
108124,3,6.88,3.6,2139
116389,3,18.76,31.4,2140
106714,3,19.6,5.04,2141
164436,3,21.0,40.92,2142
91804,3,20.28,4.96,2143
70474,3,20.96,42.56,2144
74479,3,20.24,4.84,2145
47605,3,18.52,35.72,2146
22344,3,19.36,7.36,2147
74794,3,19.56,39.0,2148
26079,3,21.32,36.36,2149
167001,3,7.4,3.92,2150
49885,3,19.8,4.68,2151
150516,3,20.0,4.48,2152
151326,3,7.92,3.84,2153
116749,3,18.96,34.16,2154
37645,3,19.24,4.76,2155
116314,3,18.88,35.12,2156
154911,3,19.76,4.6,2157
134676,3,9.56,17.88,2158
75949,3,9.48,15.84,2159
77314,3,20.88,36.6,2160
160181,3,20.72,4.68,2161
150126,3,4.92,18.48,2162
140181,3,18.08,5.28,2163
140661,3,5.32,19.84,2164
113389,3,19.04,34.04,2165
166581,3,18.08,4.76,2166
167391,3,18.24,4.8,2167
81229,3,20.96,37.04,2168
129499,3,4.6,19.56,2169
93019,3,20.72,37.36,2170
9754,3,18.2,35.68,2171
125899,3,20.68,41.72,2172
122509,3,18.56,41.76,2173
164346,3,14.68,42.56,2174
162006,3,20.88,38.16,2175
85339,3,21.16,36.48,2176
13064,3,17.52,33.56,2177
11534,3,4.76,20.84,2178
138006,3,19.28,4.52,2179
164666,3,19.24,5.28,2180
97819,3,20.96,41.6,2181
48025,3,13.8,35.92,2182
77419,3,19.84,5.16,2183
78349,3,18.36,5.16,2184
130699,3,9.84,15.68,2185
164406,3,20.16,7.76,2186
103184,3,18.24,42.0,2187
111949,3,14.64,41.08,2188
90619,3,15.52,36.4,2189
123499,3,20.4,4.72,2190
71389,3,17.44,32.24,2191
99019,3,18.84,4.68,2192
151776,3,18.56,37.12,2193
128749,3,19.44,38.88,2194
135831,3,19.12,36.04,2195
19869,3,19.04,33.24,2196
153591,3,18.64,36.2,2197
162171,3,20.4,4.48,2198
164631,3,18.96,7.12,2199
8474,3,13.6,38.0,2200
134391,3,17.92,6.68,2201
1765,3,18.76,5.16,2202
116764,3,19.6,4.92,2203
131451,3,21.2,5.0,2204
31299,3,18.32,41.4,2205
104764,3,20.12,37.28,2206
99904,3,20.88,38.56,2207
58630,3,19.0,40.24,2208
151374,3,18.2,5.08,2209
8477,3,18.32,5.12,2210
52372,3,19.24,36.16,2211
18030,3,9.76,15.96,2212
152784,3,20.12,4.92,2213
26290,3,20.68,4.52,2214
88888,3,7.52,3.6,2215
19170,3,20.76,7.0,2216
54732,3,19.92,4.8,2217
14207,3,20.0,41.68,2218
130168,3,21.28,5.32,2219
15257,3,20.88,5.12,2220
42652,3,19.2,41.32,2221
130408,3,6.76,4.16,2222
122488,3,20.08,42.0,2223
9707,3,18.96,40.48,2224
73768,3,21.2,37.48,2225
8207,3,17.68,35.44,2226
21570,3,19.8,37.08,2227
63652,3,20.96,39.24,2228
51412,3,20.52,37.92,2229
28810,3,20.24,4.6,2230
8267,3,19.32,37.12,2231
9827,3,18.28,4.48,2232
17610,3,18.44,42.12,2233
33172,3,18.48,4.68,2234
49612,3,9.12,15.04,2235
39412,3,19.56,39.08,2236
123928,3,17.84,4.68,2237
49732,3,21.32,35.72,2238
120088,3,18.0,7.52,2239
11447,3,5.16,19.48,2240
116248,3,4.6,20.08,2241
11987,3,18.2,38.16,2242
56212,3,18.52,33.08,2243
13037,3,19.84,5.0,2244
137649,3,20.24,5.32,2245
132849,3,10.08,15.4,2246
165969,3,18.48,5.28,2247
121033,3,18.0,35.96,2248
92873,3,20.08,37.84,2249
65593,3,9.4,13.64,2250
86153,3,14.04,35.6,2251
86953,3,20.4,39.68,2252
150834,3,18.68,4.76,2253
147699,3,19.2,31.36,2254
131379,3,21.12,5.0,2255
156659,3,7.68,3.64,2256
48277,3,13.6,37.8,2257
38197,3,20.64,36.8,2258
54717,3,18.12,4.48,2259
56797,3,19.32,4.88,2260
126058,3,4.52,20.84,2261
38797,3,18.48,37.96,2262
114538,3,9.36,15.16,2263
65517,3,18.84,5.24,2264
65578,3,6.96,3.56,2265
127018,3,20.96,4.96,2266
86218,3,9.04,14.48,2267
119098,3,18.0,40.76,2268
33037,3,19.36,37.88,2269
47557,3,8.92,17.16,2270
149364,3,18.52,5.16,2271
107578,3,16.12,34.36,2272
79018,3,18.76,40.08,2273
57997,3,21.04,41.88,2274
55957,3,18.48,36.2,2275
64477,3,18.32,38.92,2276
152949,3,20.24,4.88,2277
145269,3,10.08,14.04,2278
147669,3,20.08,4.72,2279
167349,3,20.76,7.56,2280
96283,3,19.4,5.16,2281
125563,3,18.0,35.88,2282
84763,3,4.92,21.2,2283
84923,3,9.24,14.0,2284
106363,3,16.44,34.68,2285
139254,3,18.52,39.12,2286
119563,3,19.8,5.08,2287
83563,3,19.4,7.16,2288
142614,3,21.04,4.68,2289
152439,3,19.56,37.36,2290
146679,3,9.44,15.12,2291
148119,3,15.24,38.36,2292
139959,3,20.44,7.48,2293
26115,3,20.2,4.68,2294
92188,3,18.36,39.16,2295
62502,3,20.36,7.52,2296
31275,3,10.36,14.76,2297
58462,3,19.68,5.12,2298
27195,3,18.4,4.68,2299
48262,3,19.56,5.28,2300
33982,3,18.36,36.88,2301
38182,3,9.92,15.64,2302
113308,3,19.68,38.6,2303
84988,3,15.24,38.0,2304
61102,3,20.16,36.08,2305
25455,3,19.16,4.48,2306
162744,3,21.0,4.6,2307
46942,3,21.32,35.76,2308
32715,3,7.32,4.16,2309
18435,3,21.0,4.72,2310
32782,3,18.28,4.56,2311
26655,3,16.8,37.0,2312
51262,3,9.92,13.68,2313
24615,3,17.32,33.92,2314
29775,3,9.16,13.4,2315
123628,3,17.84,5.0,2316
30915,3,20.24,36.64,2317
149304,3,15.28,39.6,2318
70588,3,19.12,33.24,2319
47662,3,17.8,35.8,2320
142104,3,20.04,4.64,2321
25995,3,4.72,20.52,2322
75388,3,21.32,5.2,2323
60382,3,21.08,40.64,2324
148569,3,17.92,37.2,2325
141369,3,18.84,4.8,2326
167289,3,20.88,35.88,2327
143514,3,18.96,39.0,2328
71933,3,19.32,6.84,2329
113293,3,18.96,4.92,2330
109213,3,18.28,39.6,2331
144954,3,19.68,4.92,2332
105613,3,19.24,4.44,2333
122173,3,20.2,36.88,2334
130733,3,19.52,7.72,2335
127693,3,20.8,4.92,2336
115453,3,18.4,37.04,2337
159354,3,18.92,5.0,2338
151739,3,18.64,31.72,2339
162939,3,19.76,37.64,2340
132539,3,9.32,15.4,2341
133659,3,18.2,42.56,2342
116878,3,18.6,5.2,2343
80078,3,18.16,4.8,2344
108958,3,18.76,36.08,2345
34047,3,18.96,5.28,2346
40207,3,15.2,38.24,2347
56647,3,16.08,31.72,2348
137244,3,9.68,14.2,2349
130318,3,18.6,37.32,2350
50887,3,16.12,37.2,2351
81358,3,19.08,5.16,2352
38647,3,13.48,35.96,2353
51007,3,9.16,15.8,2354
102478,3,17.84,35.64,2355
45247,3,9.76,13.6,2356
103198,3,21.16,41.36,2357
78958,3,21.28,7.72,2358
62127,3,9.4,14.68,2359
120238,3,17.96,4.8,2360
81343,3,20.0,5.32,2361
139614,3,15.12,36.6,2362
131934,3,20.44,4.64,2363
91183,3,19.16,5.16,2364
96223,3,21.08,4.52,2365
3654,3,7.36,4.08,2366
32340,3,20.28,4.48,2367
58552,3,9.88,15.6,2368
4044,3,20.92,38.56,2369
104848,3,7.8,3.56,2370
96688,3,18.36,39.2,2371
13112,3,16.72,36.44,2372
48352,3,16.32,37.08,2373
3279,3,19.0,32.36,2374
23160,3,21.24,35.68,2375
3024,3,15.96,36.16,2376
80528,3,9.08,14.8,2377
6572,3,21.0,36.32,2378
535,3,19.64,5.2,2379
2274,3,20.12,40.04,2380
93808,3,19.0,38.72,2381
13282,3,18.64,42.52,2382
30940,3,18.0,4.64,2383
585,3,17.24,36.04,2384
136034,3,18.2,38.8,2385
163074,3,20.8,4.96,2386
94193,3,19.2,8.0,2387
65713,3,18.48,37.04,2388
145284,3,20.68,7.04,2389
164484,3,17.4,33.36,2390
92098,3,18.28,6.88,2391
134469,3,16.84,37.08,2392
43162,3,19.44,4.96,2393
63922,3,19.4,7.8,2394
46147,3,16.4,34.56,2395
63547,3,19.2,39.2,2396
58372,3,10.56,14.12,2397
54886,3,19.6,40.48,2398
26427,3,19.2,7.72,2399
104536,3,20.52,38.12,2400
52711,3,19.44,7.72,2401
121016,3,18.12,5.2,2402
124111,3,20.68,37.08,2403
29262,3,21.16,39.32,2404
81196,3,19.28,4.64,2405
119041,3,19.84,36.44,2406
104776,3,21.16,35.72,2407
30567,3,18.84,5.08,2408
92536,3,20.56,36.24,2409
72136,3,20.04,5.28,2410
81356,3,19.28,4.64,2411
126046,3,18.24,36.68,2412
9533,3,5.32,20.32,2413
65271,3,19.76,36.32,2414
14663,3,16.4,32.84,2415
162840,3,19.64,4.44,2416
24222,3,19.2,42.48,2417
122476,3,15.28,40.16,2418
109336,3,18.36,40.72,2419
30442,3,16.2,31.52,2420
120271,3,20.56,42.64,2421
22282,3,5.24,18.04,2422
138840,3,20.28,42.0,2423
27462,3,19.44,42.4,2424
167715,3,9.6,14.08,2425
59311,3,19.08,41.72,2426
29542,3,18.64,41.64,2427
65236,3,21.08,42.6,2428
94156,3,17.2,31.6,2429
12223,3,18.88,32.6,2430
102476,3,16.6,31.96,2431
101896,3,20.8,6.84,2432
154815,3,18.84,41.28,2433
154800,3,21.0,4.96,2434
94046,3,19.48,7.16,2435
26667,3,19.4,4.8,2436
38716,3,21.28,39.04,2437
67936,3,17.0,36.32,2438
130696,3,19.88,38.88,2439
53116,3,19.68,40.48,2440
47206,3,17.8,32.04,2441
57271,3,21.16,35.72,2442
26562,3,20.48,39.56,2443
65836,3,7.8,3.84,2444
38836,3,21.04,7.04,2445
65476,3,18.6,40.8,2446
53446,3,19.4,40.2,2447
147420,3,21.16,41.64,2448
57316,3,9.76,13.72,2449
26622,3,16.16,33.64,2450
76231,3,20.16,4.56,2451
164240,3,18.88,37.2,2452
78476,3,18.6,5.28,2453
33166,3,16.92,35.76,2454
51316,3,18.96,5.2,2455
47151,3,21.04,7.12,2456
59596,3,20.04,4.92,2457
15413,3,7.16,10.44,2458
144420,3,9.36,14.76,2459
14393,3,7.2,4.2,2460
119596,3,19.68,5.08,2461
30927,3,18.12,7.44,2462
156560,3,19.36,7.0,2463
39436,3,19.28,4.6,2464
94366,3,17.24,33.28,2465
11068,3,18.28,40.48,2466
16043,3,19.72,4.64,2467
28887,3,6.76,3.84,2468
55996,3,18.48,41.48,2469
17667,3,20.04,4.8,2470
166800,3,17.16,32.32,2471
123166,3,17.92,4.56,2472
10943,3,20.28,4.8,2473
8903,3,14.8,39.2,2474
11108,3,20.68,4.76,2475
57886,3,19.8,5.16,2476
8393,3,20.64,36.12,2477
13013,3,19.84,39.92,2478
78286,3,20.84,38.96,2479
39796,3,21.28,7.04,2480
107596,3,18.32,33.24,2481
8933,3,16.12,32.16,2482
24867,3,21.08,40.6,2483
19962,3,19.24,41.12,2484
105301,3,19.32,36.48,2485
55966,3,17.8,34.8,2486
147185,3,18.88,7.24,2487
132465,3,18.96,4.52,2488
114176,3,18.16,4.68,2489
151025,3,20.92,37.88,2490
55591,3,18.24,4.44,2491
121081,3,21.0,7.52,2492
79276,3,18.52,4.52,2493
113161,3,18.44,33.68,2494
150360,3,10.04,15.68,2495
113881,3,19.04,4.84,2496
69106,3,18.84,39.28,2497
77161,3,18.4,36.12,2498
30087,3,20.68,37.12,2499
82606,3,20.24,42.32,2500
93881,3,19.56,7.48,2501
127081,3,17.8,40.28,2502
142680,3,19.28,42.6,2503
111401,3,18.32,4.56,2504
111406,3,19.2,4.64,2505
71356,3,19.24,40.92,2506
135090,3,9.08,13.52,2507
33796,3,7.04,4.2,2508
148275,3,21.16,37.04,2509
141395,3,21.12,4.72,2510
58366,3,16.8,34.76,2511
82846,3,6.72,4.04,2512
52381,3,20.84,4.96,2513
17392,3,19.76,7.76,2514
96586,3,7.88,4.04,2515
147705,3,18.28,5.24,2516
84586,3,19.92,38.84,2517
23692,3,21.04,4.96,2518
42301,3,17.96,40.76,2519
54661,3,19.92,5.08,2520
150585,3,18.96,4.52,2521
150905,3,9.2,13.8,2522
38341,3,17.4,33.52,2523
149340,3,9.68,14.0,2524
56821,3,20.52,7.44,2525
133980,3,16.32,35.84,2526
54781,3,18.0,36.04,2527
38581,3,9.88,17.56,2528
125581,3,19.88,39.36,2529
162900,3,19.68,4.44,2530
86311,3,10.2,13.36,2531
81466,3,21.16,7.76,2532
80701,3,19.56,42.56,2533
110906,3,21.28,37.88,2534
145050,3,10.6,13.76,2535
94666,3,19.2,5.28,2536
120286,3,13.92,42.24,2537
16632,3,16.6,31.64,2538
156660,3,19.4,6.92,2539
78346,3,18.64,4.64,2540
161850,3,20.4,35.88,2541
91226,3,18.96,40.56,2542
100126,3,20.0,42.6,2543
126061,3,7.36,20.0,2544
79066,3,19.04,6.88,2545
163290,3,9.76,14.56,2546
60061,3,10.12,15.84,2547
55981,3,17.84,39.6,2548
61561,3,19.12,5.04,2549
107446,3,13.96,41.84,2550
99706,3,17.88,39.6,2551
140250,3,18.2,37.04,2552
64381,3,20.8,5.12,2553
78541,3,19.72,40.28,2554
124666,3,17.8,5.2,2555
62431,3,20.0,7.04,2556
120586,3,10.0,14.64,2557
75706,3,21.12,5.2,2558
99376,3,20.68,5.08,2559
132570,3,19.48,5.08,2560
124906,3,20.88,37.24,2561
161205,3,17.84,42.24,2562
60391,3,18.8,31.24,2563
103261,3,18.16,39.52,2564
161685,3,19.68,7.0,2565
138645,3,19.48,5.32,2566
91261,3,4.52,17.96,2567
80611,3,20.48,5.24,2568
80251,3,20.16,39.76,2569
84811,3,9.48,14.92,2570
141885,3,18.28,5.32,2571
117691,3,17.84,5.04,2572
87181,3,19.28,42.28,2573
112381,3,18.68,40.8,2574
109771,3,9.88,15.44,2575
60096,3,19.8,7.48,2576
85291,3,9.28,13.64,2577
146070,3,15.68,39.52,2578
75871,3,19.4,38.28,2579
73531,3,19.16,5.16,2580
162875,3,18.88,37.76,2581
131835,3,18.92,5.0,2582
94171,3,10.16,16.68,2583
88831,3,18.72,7.88,2584
114811,3,19.4,38.88,2585
166875,3,17.96,6.8,2586
102811,3,19.4,40.72,2587
83671,3,6.68,3.56,2588
99211,3,19.2,41.24,2589
91291,3,20.12,36.44,2590
147390,3,18.92,4.52,2591
35911,3,19.44,5.12,2592
66811,3,20.76,38.52,2593
129166,3,21.28,35.6,2594
111931,3,16.36,37.08,2595
165345,3,18.28,34.52,2596
79531,3,19.44,39.76,2597
96526,3,21.08,40.56,2598
137175,3,18.6,37.48,2599
65551,3,18.72,39.08,2600
147255,3,20.16,36.64,2601
164535,3,18.04,7.12,2602
167265,3,18.48,32.0,2603
54511,3,18.04,38.32,2604
79996,3,10.44,14.56,2605
144540,3,19.92,7.32,2606
36046,3,17.88,4.92,2607
123871,3,10.24,14.4,2608
84556,3,19.24,5.24,2609
26307,3,19.96,4.8,2610
161340,3,9.92,15.84,2611
56806,3,18.64,38.28,2612
123571,3,17.44,33.84,2613
42391,3,19.52,42.08,2614
105436,3,20.32,4.48,2615
51346,3,18.52,37.8,2616
55303,3,19.64,7.8,2617
34078,3,20.72,41.72,2618
88120,3,19.72,37.44,2619
52678,3,17.12,34.0,2620
54388,3,18.8,39.6,2621
54688,3,19.16,4.96,2622
100840,3,18.88,41.84,2623
40438,3,4.96,19.04,2624
42883,3,20.88,4.8,2625
24198,3,8.96,13.68,2626
38638,3,20.12,4.88,2627
9551,3,20.0,4.84,2628
45223,3,20.76,36.48,2629
34108,3,9.16,14.12,2630
97900,3,7.6,3.8,2631
30378,3,19.32,4.76,2632
15191,3,10.0,15.44,2633
3435,3,18.28,6.84,2634
38758,3,18.04,39.68,2635
68440,3,21.0,7.96,2636
64948,3,18.52,41.56,2637
148668,3,20.92,4.92,2638
16241,3,19.64,4.56,2639
77360,3,17.88,4.68,2640
130780,3,18.68,5.04,2641
9611,3,19.84,7.08,2642
70270,3,20.96,40.36,2643
24378,3,20.24,39.92,2644
31683,3,20.8,7.76,2645
46708,3,21.2,7.44,2646
55318,3,20.68,35.64,2647
22338,3,19.56,4.6,2648
145968,3,18.6,6.96,2649
161378,3,9.08,15.04,2650
163088,3,19.28,7.72,2651
131448,3,19.6,4.8,2652
14291,3,20.04,36.68,2653
127870,3,19.32,6.68,2654
81520,3,20.04,4.52,2655
46948,3,17.8,40.4,2656
61558,3,19.88,4.68,2657
17358,3,14.92,36.0,2658
57268,3,20.52,4.96,2659
41158,3,18.64,7.8,2660
14321,3,10.08,13.88,2661
103390,3,18.84,7.48,2662
65560,3,8.92,15.12,2663
47623,3,19.2,4.92,2664
17523,3,20.64,41.88,2665
110680,3,8.96,13.48,2666
18958,3,18.52,41.96,2667
59548,3,19.16,4.6,2668
45268,3,20.12,36.28,2669
63718,3,14.16,36.48,2670
70120,3,9.8,14.96,2671
57943,3,21.08,38.64,2672
66220,3,20.88,4.72,2673
31938,3,5.28,18.48,2674
30918,3,21.04,37.04,2675
157848,3,18.68,37.52,2676
24528,3,20.6,41.72,2677
82840,3,9.68,14.24,2678
103580,3,19.88,5.08,2679
70600,3,20.56,4.84,2680
39783,3,10.28,14.52,2681
14471,3,20.64,41.96,2682
11921,3,6.8,19.56,2683
28113,3,14.24,37.84,2684
33388,3,18.32,4.92,2685
39718,3,20.32,39.96,2686
80575,3,19.92,41.64,2687
55948,3,18.84,7.0,2688
10931,3,19.28,4.72,2689
100060,3,20.56,5.0,2690
43918,3,20.48,4.96,2691
22938,3,19.44,42.36,2692
24018,3,20.4,38.8,2693
89185,3,19.68,41.2,2694
125935,3,21.08,42.44,2695
10991,3,9.52,15.36,2696
60358,3,18.88,38.32,2697
35788,3,18.8,7.56,2698
112600,3,19.64,35.96,2699
112540,3,15.36,35.92,2700
63408,3,17.04,32.32,2701
144273,3,18.32,36.24,2702
162833,3,20.48,4.84,2703
6939,3,17.24,33.76,2704
147153,3,18.96,35.88,2705
140793,3,20.04,41.92,2706
135153,3,18.8,41.24,2707
126175,3,21.04,4.44,2708
80665,3,18.24,32.96,2709
135033,3,18.72,5.32,2710
113465,3,16.64,33.48,2711
101615,3,19.16,32.24,2712
81145,3,21.16,4.92,2713
155418,3,19.84,4.48,2714
109945,3,14.96,36.64,2715
78365,3,21.24,42.0,2716
105865,3,18.16,5.0,2717
90545,3,16.08,35.48,2718
82025,3,16.64,31.56,2719
107245,3,9.68,14.0,2720
149598,3,20.2,4.88,2721
82105,3,20.32,7.28,2722
91405,3,20.76,5.24,2723
142418,3,19.88,6.84,2724
108265,3,18.24,35.8,2725
135273,3,20.4,37.84,2726
71005,3,15.52,40.4,2727
96025,3,18.92,38.36,2728
55608,3,7.56,3.8,2729
164403,3,17.8,37.76,2730
150003,3,20.6,39.4,2731
103855,3,19.04,4.76,2732
83405,3,18.84,41.96,2733
150483,3,17.56,34.08,2734
166938,3,21.24,4.52,2735
42093,3,19.68,4.6,2736
100015,3,20.4,36.76,2737
104890,3,21.32,39.6,2738
79645,3,19.04,36.2,2739
40173,3,19.64,7.68,2740
121450,3,17.32,31.12,2741
60163,3,19.52,41.72,2742
117850,3,5.28,18.2,2743
120685,3,18.16,7.2,2744
143583,3,16.68,34.96,2745
130330,3,21.12,39.12,2746
5949,3,19.12,7.6,2747
40693,3,18.2,37.36,2748
135963,3,19.88,36.12,2749
77290,3,18.4,4.48,2750
46933,3,20.12,39.28,2751
150528,3,19.88,4.72,2752
154203,3,19.56,42.56,2753
42853,3,20.8,4.76,2754
57493,3,20.56,36.52,2755
164703,3,14.6,36.12,2756
39133,3,20.68,5.28,2757
146043,3,16.2,35.48,2758
33133,3,20.8,40.84,2759
142683,3,19.52,4.72,2760
5519,3,20.4,5.24,2761
49573,3,9.44,14.28,2762
70490,3,7.04,3.84,2763
103330,3,16.52,33.72,2764
166068,3,21.2,4.48,2765
143003,3,13.64,37.88,2766
159483,3,20.76,4.72,2767
70810,3,21.24,4.96,2768
158388,3,18.72,4.68,2769
104800,3,20.92,5.04,2770
5219,3,18.12,4.88,2771
60133,3,21.04,5.32,2772
148053,3,19.56,37.12,2773
168348,3,18.68,40.68,2774
150453,3,20.88,5.0,2775
74215,3,14.28,41.6,2776
121195,3,19.48,5.08,2777
62623,3,18.96,41.52,2778
113035,3,18.88,36.44,2779
136668,3,19.24,41.36,2780
113275,3,9.36,13.96,2781
22108,3,20.84,5.04,2782
161238,3,18.08,4.68,2783
99920,3,18.84,36.12,2784
36223,3,20.48,38.52,2785
93115,3,19.52,5.16,2786
68795,3,20.84,4.64,2787
76240,3,18.24,4.64,2788
121630,3,18.48,4.88,2789
154038,3,7.52,20.92,2790
69115,3,14.96,37.72,2791
109390,3,14.28,39.08,2792
155478,3,15.08,38.72,2793
20088,3,19.76,5.08,2794
102955,3,19.24,5.16,2795
30513,3,18.08,8.0,2796
145308,3,19.88,6.92,2797
140438,3,16.56,35.36,2798
103675,3,19.88,7.64,2799
65023,3,13.76,41.56,2800
64768,3,18.92,41.44,2801
71275,3,13.52,38.48,2802
67435,3,20.8,5.12,2803
8426,3,17.96,7.88,2804
61143,3,20.48,5.2,2805
108475,3,17.84,40.84,2806
154908,3,14.04,41.92,2807
149943,3,7.52,4.2,2808
96460,3,14.4,40.6,2809
31713,3,19.84,7.68,2810
118750,3,19.28,5.16,2811
24183,3,20.08,39.24,2812
197,3,17.84,4.72,2813
40198,3,19.0,37.4,2814
148193,3,16.08,34.92,2815
38158,3,9.56,15.92,2816
18063,3,18.2,36.28,2817
155708,3,19.0,33.0,2818
100267,3,21.32,38.6,2819
42004,3,19.4,4.68,2820
146967,3,19.0,35.6,2821
17946,3,19.08,38.8,2822
5141,3,7.08,3.64,2823
16926,3,9.8,15.28,2824
58444,3,20.2,4.44,2825
106702,3,17.88,41.16,2826
13085,3,19.08,41.2,2827
141207,3,18.84,40.8,2828
60604,3,20.04,4.68,2829
7716,3,21.08,40.12,2830
52564,3,21.0,5.2,2831
166167,3,16.36,31.36,2832
58119,3,16.24,36.32,2833
20166,3,14.72,39.72,2834
29271,3,4.76,18.8,2835
16235,3,19.2,4.72,2836
56764,3,18.2,6.84,2837
75742,3,9.32,14.84,2838
9595,3,20.4,6.8,2839
50374,3,19.76,40.24,2840
62964,3,10.56,15.44,2841
109532,3,10.2,14.92,2842
115207,3,17.8,39.56,2843
30486,3,16.96,35.44,2844
31491,3,21.0,38.12,2845
24366,3,17.48,35.4,2846
72952,3,19.36,39.92,2847
14920,3,19.68,5.08,2848
97672,3,10.32,14.4,2849
85567,3,18.72,4.52,2850
137592,3,18.84,7.04,2851
73432,3,18.64,7.92,2852
105932,3,20.52,41.92,2853
114472,3,20.76,35.92,2854
120307,3,18.6,4.96,2855
11255,3,18.76,7.68,2856
65567,3,20.76,37.56,2857
36844,3,18.12,5.12,2858
9215,3,18.64,39.72,2859
114172,3,14.96,38.28,2860
118792,3,18.08,4.6,2861
61294,3,19.36,4.48,2862
124837,3,19.04,4.6,2863
148112,3,19.56,4.6,2864
148272,3,10.32,14.44,2865
90367,3,19.56,35.96,2866
78472,3,20.28,40.56,2867
29631,3,7.84,4.04,2868
85852,3,10.2,15.8,2869
10325,3,18.2,41.12,2870
14960,3,16.6,35.2,2871
12905,3,20.44,7.56,2872
149712,3,17.56,32.64,2873
34774,3,20.0,7.68,2874
31026,3,20.84,4.44,2875
131742,3,10.16,15.92,2876
156702,3,18.36,7.72,2877
79192,3,7.64,4.08,2878
28026,3,18.92,7.68,2879
65494,3,20.64,7.28,2880
25986,3,9.72,15.52,2881
47134,3,20.0,4.8,2882
150087,3,17.88,42.12,2883
12485,3,18.96,38.92,2884
9425,3,16.96,33.56,2885
23571,3,18.2,5.24,2886
28086,3,18.32,41.88,2887
12940,3,21.2,4.72,2888
34894,3,21.16,37.08,2889
41884,3,19.72,37.12,2890
140862,3,17.8,4.52,2891
60364,3,18.92,32.2,2892
19966,3,20.88,36.72,2893
35299,3,18.24,4.56,2894
136017,3,19.92,7.96,2895
29751,3,19.8,37.84,2896
145137,3,19.44,4.48,2897
127807,3,18.92,5.28,2898
70012,3,19.36,35.72,2899
129257,3,18.48,7.16,2900
121417,3,18.6,37.24,2901
71152,3,19.6,7.12,2902
23671,3,14.8,41.16,2903
136722,3,20.6,7.92,2904
68377,3,7.76,3.56,2905
35134,3,9.28,15.76,2906
91007,3,18.92,41.44,2907
89257,3,7.56,3.8,2908
85177,3,20.28,39.72,2909
107567,3,17.84,32.2,2910
30951,3,4.56,19.24,2911
154002,3,10.44,13.36,2912
77017,3,5.24,18.76,2913
28056,3,9.2,14.32,2914
106057,3,4.84,18.48,2915
17731,3,17.0,34.52,2916
79132,3,17.72,37.16,2917
110617,3,13.6,36.76,2918
123017,3,7.44,4.28,2919
57274,3,19.16,7.72,2920
131442,3,15.2,36.48,2921
142782,3,20.72,38.12,2922
86377,3,18.6,4.56,2923
28111,3,20.68,7.56,2924
111017,3,20.12,39.48,2925
36379,3,21.08,4.48,2926
68077,3,18.04,36.6,2927
99577,3,18.92,5.16,2928
121597,3,10.24,15.76,2929
120697,3,16.92,36.36,2930
120607,3,20.6,36.56,2931
92137,3,20.32,37.8,2932
152787,3,19.0,38.92,2933
135072,3,19.64,4.52,2934
158387,3,17.8,7.6,2935
130397,3,21.16,39.88,2936
88432,3,20.68,38.56,2937
54469,3,20.88,36.88,2938
50389,3,20.52,38.84,2939
87277,3,19.28,41.96,2940
121232,3,16.28,35.24,2941
113242,3,19.12,5.0,2942
120397,3,20.52,5.12,2943
136692,3,21.28,7.88,2944
142842,3,20.44,4.76,2945
105562,3,19.24,42.52,2946
28881,3,20.16,36.96,2947
105802,3,18.84,36.52,2948
36589,3,18.16,37.12,2949
15170,3,20.84,37.72,2950
143867,3,14.28,40.72,2951
42829,3,18.6,4.8,2952
152772,3,6.84,4.24,2953
102362,3,21.32,40.6,2954
86122,3,21.08,6.72,2955
62479,3,18.56,5.32,2956
127162,3,17.8,38.32,2957
58399,3,18.44,35.76,2958
15200,3,20.52,7.76,2959
32869,3,20.4,5.24,2960
80062,3,17.92,4.88,2961
63589,3,19.16,39.88,2962
149832,3,19.4,40.52,2963
43429,3,18.16,4.8,2964
89362,3,21.08,4.84,2965
70522,3,21.32,4.92,2966
87082,3,20.44,5.2,2967
92542,3,5.08,19.12,2968
91402,3,18.96,4.76,2969
9590,3,17.8,4.76,2970
58959,3,18.84,4.64,2971
60109,3,19.6,39.56,2972
1967,3,17.72,36.52,2973
99802,3,18.2,4.88,2974
57079,3,5.0,19.04,2975
95722,3,10.28,14.12,2976
94087,3,19.88,5.2,2977
39709,3,17.96,7.92,2978
48919,3,18.72,5.0,2979
41869,3,18.2,38.88,2980
135477,3,18.32,40.92,2981
73342,3,20.24,38.76,2982
93187,3,17.8,35.8,2983
71947,3,21.2,5.12,2984
92827,3,20.32,36.44,2985
55159,3,13.68,41.32,2986
109387,3,18.16,37.64,2987
300,3,8.0,3.84,2988
72667,3,10.6,13.72,2989
147132,3,13.4,36.64,2990
133962,3,17.84,34.8,2991
137622,3,21.2,5.32,2992
65479,3,20.64,5.2,2993
87067,3,17.92,41.16,2994
8230,3,18.76,6.92,2995
120347,3,20.16,4.96,2996
142422,3,19.84,7.28,2997
36879,3,9.92,14.68,2998
103267,3,21.08,4.96,2999
158171,3,20.04,5.0,3000
17946,5,21.48,43.68,3001
16926,5,11.0,17.2,3002
58444,5,22.72,5.0,3003
13085,5,21.44,46.36,3004
60604,5,22.56,5.24,3005
52564,5,23.6,5.84,3006
20166,5,16.56,44.68,3007
16235,5,21.6,5.28,3008
56764,5,20.44,7.72,3009
9595,5,22.92,7.68,3010
62964,5,11.88,17.4,3011
30486,5,19.08,39.88,3012
24366,5,19.68,39.84,3013
72952,5,21.8,44.92,3014
97672,5,11.64,16.2,3015
73432,5,20.96,8.92,3016
114472,5,23.36,40.4,3017
11255,5,21.12,8.64,3018
36844,5,20.4,5.76,3019
9215,5,21.0,44.68,3020
118792,5,20.36,5.2,3021
148112,5,22.0,5.16,3022
148272,5,11.64,16.28,3023
78472,5,22.8,45.6,3024
10325,5,20.48,46.24,3025
12905,5,23.0,8.52,3026
149712,5,19.76,36.72,3027
31026,5,23.44,5.0,3028
79192,5,8.56,4.6,3029
28026,5,21.28,8.64,3030
25986,5,10.92,17.44,3031
12485,5,21.32,43.8,3032
9425,5,19.08,37.72,3033
28086,5,20.64,47.12,3034
41884,5,22.2,41.76,3035
60364,5,21.32,36.24,3036
19966,5,23.48,41.28,3037
136017,5,22.44,8.96,3038
145137,5,21.88,5.04,3039
129257,5,20.8,8.04,3040
121417,5,20.92,41.88,3041
136722,5,23.16,8.92,3042
68377,5,8.72,4.0,3043
89257,5,8.48,4.28,3044
85177,5,22.8,44.72,3045
154002,5,11.76,15.04,3046
77017,5,5.88,21.08,3047
106057,5,5.44,20.76,3048
110617,5,15.32,41.36,3049
123017,5,8.36,4.8,3050
131442,5,17.08,41.04,3051
86377,5,20.92,5.16,3052
111017,5,22.64,44.4,3053
99577,5,21.32,5.84,3054
120697,5,19.0,40.88,3055
92137,5,22.88,42.52,3056
152787,5,21.36,43.76,3057
158387,5,20.0,8.56,3058
54469,5,23.48,41.52,3059
50389,5,23.12,43.68,3060
113242,5,21.52,5.6,3061
136692,5,23.92,8.88,3062
105562,5,21.64,47.84,3063
105802,5,21.2,41.08,3064
36589,5,20.44,41.8,3065
42829,5,20.92,5.4,3066
102362,5,23.96,45.68,3067
86122,5,23.72,7.56,3068
127162,5,20.04,43.08,3069
32869,5,22.96,5.88,3070
63589,5,21.56,44.84,3071
43429,5,20.44,5.4,3072
70522,5,24.0,5.52,3073
87082,5,23.0,5.84,3074
91402,5,21.32,5.32,3075
60109,5,22.04,44.52,3076
99802,5,20.48,5.52,3077
95722,5,11.56,15.88,3078
39709,5,20.2,8.92,3079
41869,5,20.48,43.76,3080
135477,5,20.6,46.04,3081
71947,5,23.84,5.72,3082
92827,5,22.88,41.0,3083
109387,5,20.44,42.36,3084
72667,5,11.92,15.44,3085
137622,5,23.84,6.0,3086
87067,5,20.16,46.28,3087
120347,5,22.68,5.56,3088
142422,5,22.32,8.2,3089
100267,5,23.96,43.4,3090
146967,5,21.36,40.04,3091
141207,5,21.16,45.92,3092
166167,5,18.4,35.24,3093
29271,5,5.36,21.12,3094
50374,5,22.24,45.28,3095
109532,5,11.44,16.76,3096
31491,5,23.6,42.88,3097
137592,5,21.16,7.96,3098
105932,5,23.08,47.12,3099
114172,5,16.84,43.08,3100
61294,5,21.76,5.04,3101
29631,5,8.84,4.56,3102
85852,5,11.48,17.8,3103
34774,5,22.48,8.64,3104
65494,5,23.24,8.2,3105
47134,5,22.52,5.4,3106
23571,5,20.48,5.88,3107
34894,5,23.8,41.72,3108
29751,5,22.28,42.56,3109
70012,5,21.76,40.2,3110
23671,5,16.68,46.28,3111
35134,5,10.44,17.72,3112
30951,5,5.12,21.64,3113
17731,5,19.12,38.84,3114
79132,5,19.96,41.8,3115
28111,5,23.28,8.48,3116
68077,5,20.32,41.16,3117
121597,5,11.52,17.72,3118
130397,5,23.84,44.84,3119
87277,5,21.72,47.2,3120
120397,5,23.08,5.76,3121
142842,5,22.96,5.36,3122
143867,5,16.08,45.8,3123
62479,5,20.88,5.96,3124
58399,5,20.72,40.24,3125
80062,5,20.16,5.48,3126
92542,5,5.72,21.48,3127
58959,5,21.2,5.24,3128
57079,5,5.64,21.44,3129
48919,5,21.04,5.6,3130
73342,5,22.8,43.6,3131
55159,5,15.4,46.52,3132
147132,5,15.08,41.2,3133
65479,5,23.2,5.84,3134
36879,5,11.2,16.52,3135
106702,5,20.12,46.28,3136
58119,5,18.28,40.88,3137
75742,5,10.48,16.72,3138
85567,5,21.08,5.08,3139
65567,5,23.36,42.24,3140
90367,5,22.0,40.48,3141
131742,5,11.44,17.88,3142
156702,5,20.68,8.72,3143
140862,5,20.04,5.08,3144
127807,5,21.28,5.92,3145
91007,5,21.28,46.6,3146
107567,5,20.08,36.24,3147
142782,5,23.32,42.88,3148
120607,5,23.2,41.16,3149
88432,5,23.28,43.36,3150
121232,5,18.32,39.64,3151
15170,5,23.44,42.44,3152
15200,5,23.08,8.72,3153
9590,5,20.04,5.36,3154
1967,5,19.92,41.08,3155
300,5,9.0,4.32,3156
8230,5,21.12,7.8,3157
5141,5,7.96,4.08,3158
7716,5,23.68,45.16,3159
14920,5,22.12,5.68,3160
14960,5,18.68,39.6,3161
12940,5,23.84,5.28,3162
71152,5,22.04,8.0,3163
28056,5,10.36,16.12,3164
135072,5,22.08,5.08,3165
152772,5,7.68,4.76,3166
89362,5,23.72,5.44,3167
93187,5,20.0,40.28,3168
103267,5,23.72,5.6,3169
120307,5,20.92,5.6,3170
150087,5,20.08,47.4,3171
57274,5,21.56,8.68,3172
28881,5,22.72,41.6,3173
149832,5,21.84,45.56,3174
133962,5,20.08,39.16,3175
124837,5,21.44,5.16,3176
36379,5,23.72,5.04,3177
35299,5,20.52,5.16,3178
94087,5,22.36,5.84,3179
42004,5,21.84,5.28,3180
74215,5,16.08,46.76,3181
88120,5,22.2,42.12,3182
54388,5,21.16,44.56,3183
100840,5,21.24,47.04,3184
24198,5,10.08,15.4,3185
9551,5,22.52,5.44,3186
34108,5,10.32,15.88,3187
30378,5,21.76,5.36,3188
15191,5,11.28,17.36,3189
68440,5,23.6,8.96,3190
64948,5,20.84,46.76,3191
16241,5,22.12,5.12,3192
9611,5,22.32,7.96,3193
24378,5,22.76,44.92,3194
46708,5,23.84,8.36,3195
22338,5,22.0,5.2,3196
145968,5,20.92,7.8,3197
163088,5,21.68,8.68,3198
14291,5,22.52,41.28,3199
46948,5,20.0,45.44,3200
17358,5,16.76,40.48,3201
57268,5,23.08,5.6,3202
14321,5,11.36,15.64,3203
65560,5,10.04,17.0,3204
110680,5,10.08,15.16,3205
59548,5,21.56,5.2,3206
45268,5,22.6,40.8,3207
70120,5,11.04,16.84,3208
31938,5,5.92,20.8,3209
30918,5,23.64,41.68,3210
82840,5,10.92,16.0,3211
70600,5,23.16,5.44,3212
14471,5,23.2,47.2,3213
11921,5,7.68,22.0,3214
33388,5,20.6,5.56,3215
55948,5,21.16,7.88,3216
10931,5,21.72,5.32,3217
22938,5,21.84,47.68,3218
24018,5,22.92,43.64,3219
10991,5,10.72,17.28,3220
35788,5,21.16,8.52,3221
112600,5,22.12,40.44,3222
144273,5,20.64,40.76,3223
162833,5,23.0,5.44,3224
147153,5,21.36,40.36,3225
135153,5,21.16,46.4,3226
80665,5,20.52,37.08,3227
113465,5,18.72,37.64,3228
81145,5,23.8,5.52,3229
109945,5,16.84,41.2,3230
105865,5,20.44,5.6,3231
82025,5,18.76,35.48,3232
82105,5,22.84,8.2,3233
142418,5,22.36,7.68,3234
108265,5,20.52,40.28,3235
96025,5,21.28,43.16,3236
164403,5,20.04,42.48,3237
150003,5,23.16,44.36,3238
150483,5,19.76,38.36,3239
42093,5,22.12,5.16,3240
104890,5,24.0,44.56,3241
40173,5,22.08,8.64,3242
121450,5,19.48,35.0,3243
117850,5,5.96,20.48,3244
130330,5,23.76,44.04,3245
40693,5,20.44,42.04,3246
77290,5,20.68,5.04,3247
46933,5,22.6,44.16,3248
42853,5,23.4,5.36,3249
57493,5,23.12,41.08,3250
39133,5,23.24,5.92,3251
33133,5,23.4,45.92,3252
49573,5,10.6,16.08,3253
70490,5,7.92,4.32,3254
166068,5,23.88,5.04,3255
70810,5,23.92,5.6,3256
158388,5,21.08,5.28,3257
60133,5,23.68,6.0,3258
148053,5,22.04,41.76,3259
150453,5,23.52,5.6,3260
121195,5,21.92,5.72,3261
113035,5,21.24,41.0,3262
113275,5,10.52,15.68,3263
161238,5,20.36,5.24,3264
93115,5,21.96,5.8,3265
68795,5,23.44,5.24,3266
154038,5,8.44,23.52,3267
69115,5,16.8,42.44,3268
155478,5,16.96,43.56,3269
102955,5,21.64,5.8,3270
140438,5,18.64,39.8,3271
103675,5,22.36,8.6,3272
71275,5,15.24,43.28,3273
67435,5,23.4,5.8,3274
108475,5,20.08,45.92,3275
149943,5,8.44,4.72,3276
96460,5,16.2,45.68,3277
24183,5,22.6,44.12,3278
40198,5,21.36,42.08,3279
38158,5,10.76,17.92,3280
18063,5,20.44,40.8,3281
34078,5,23.32,46.92,3282
52678,5,19.28,38.24,3283
40438,5,5.56,21.44,3284
38638,5,22.64,5.48,3285
97900,5,8.56,4.28,3286
38758,5,20.28,44.64,3287
130780,5,21.0,5.68,3288
31683,5,23.4,8.72,3289
55318,5,23.24,40.12,3290
131448,5,22.04,5.4,3291
61558,5,22.36,5.28,3292
41158,5,20.96,8.76,3293
17523,5,23.24,47.12,3294
63718,5,15.92,41.04,3295
66220,5,23.52,5.32,3296
157848,5,21.04,42.24,3297
103580,5,22.4,5.68,3298
39718,5,22.84,44.96,3299
100060,5,23.16,5.64,3300
43918,5,23.04,5.56,3301
60358,5,21.24,43.12,3302
112540,5,17.28,40.44,3303
140793,5,22.52,47.12,3304
135033,5,21.08,6.0,3305
155418,5,22.32,5.04,3306
78365,5,23.92,47.24,3307
107245,5,10.88,15.76,3308
91405,5,23.36,5.88,3309
71005,5,17.44,45.44,3310
83405,5,21.2,47.2,3311
166938,5,23.88,5.12,3312
79645,5,21.44,40.72,3313
120685,5,20.4,8.12,3314
135963,5,22.36,40.6,3315
154203,5,22.0,47.88,3316
146043,5,18.2,39.92,3317
142683,5,21.96,5.32,3318
143003,5,15.36,42.6,3319
159483,5,23.36,5.32,3320
168348,5,21.04,45.76,3321
62623,5,21.32,46.72,3322
136668,5,21.64,46.56,3323
36223,5,23.04,43.36,3324
121630,5,20.8,5.48,3325
109390,5,16.08,43.96,3326
145308,5,22.4,7.8,3327
65023,5,15.48,46.76,3328
61143,5,23.04,5.88,3329
154908,5,15.8,47.16,3330
118750,5,21.68,5.8,3331
55303,5,22.08,8.76,3332
155708,5,21.36,37.12,3333
45223,5,23.36,41.04,3334
148668,5,23.52,5.56,3335
70270,5,23.6,45.4,3336
127870,5,21.76,7.52,3337
103390,5,21.2,8.44,3338
47623,5,21.6,5.52,3339
57943,5,23.72,43.48,3340
39783,5,11.56,16.36,3341
80575,5,22.4,46.84,3342
125935,5,23.72,47.72,3343
126175,5,23.68,5.0,3344
101615,5,21.56,36.28,3345
149598,5,22.72,5.52,3346
103855,5,21.4,5.36,3347
100015,5,22.96,41.36,3348
143583,5,18.76,39.32,3349
164703,5,16.4,40.64,3350
5519,5,22.96,5.88,3351
104800,5,23.52,5.68,3352
22108,5,23.44,5.68,3353
76240,5,20.52,5.2,3354
20088,5,22.24,5.72,3355
64768,5,21.28,46.6,3356
197,5,20.08,5.28,3357
54688,5,21.56,5.56,3358
3435,5,20.56,7.72,3359
77360,5,20.12,5.28,3360
81520,5,22.56,5.08,3361
24528,5,23.16,46.92,3362
63408,5,19.16,36.36,3363
6939,5,19.4,38.0,3364
55608,5,8.52,4.28,3365
5949,5,21.48,8.56,3366
150528,5,22.4,5.32,3367
5219,5,20.36,5.48,3368
99920,5,21.2,40.64,3369
8426,5,20.2,8.84,3370
148193,5,18.08,39.28,3371
161378,5,10.2,16.92,3372
89185,5,22.16,46.36,3373
90545,5,18.08,39.92,3374
103330,5,18.6,37.96,3375
30513,5,20.32,9.0,3376
31713,5,22.32,8.64,3377
28113,5,16.0,42.56,3378
135273,5,22.96,42.56,3379
42883,5,23.48,5.4,3380
60163,5,21.96,46.92,3381
18958,5,20.84,47.2,3382
83671,5,7.52,4.0,3383
104536,5,23.08,42.88,3384
121016,5,20.4,5.84,3385
29262,5,23.8,44.2,3386
104776,5,23.8,40.2,3387
92536,5,23.16,40.8,3388
72136,5,22.52,5.92,3389
9533,5,5.96,22.88,3390
14663,5,18.48,36.96,3391
24222,5,21.6,47.76,3392
109336,5,20.64,45.8,3393
30442,5,18.2,35.48,3394
22282,5,5.92,20.28,3395
27462,5,21.88,47.72,3396
29542,5,20.96,46.84,3397
65236,5,23.72,47.92,3398
12223,5,21.24,36.68,3399
101896,5,23.4,7.72,3400
154800,5,23.6,5.6,3401
38716,5,23.92,43.88,3402
130696,5,22.36,43.72,3403
53116,5,22.12,45.52,3404
26562,5,23.04,44.48,3405
38836,5,23.68,7.92,3406
65476,5,20.96,45.88,3407
57316,5,11.0,15.44,3408
26622,5,18.16,37.84,3409
164240,5,21.24,41.84,3410
51316,5,21.32,5.84,3411
59596,5,22.56,5.52,3412
15413,5,8.08,11.76,3413
14393,5,8.12,4.72,3414
156560,5,21.8,7.88,3415
39436,5,21.68,5.16,3416
16043,5,22.16,5.2,3417
55996,5,20.76,46.68,3418
166800,5,19.32,36.36,3419
10943,5,22.84,5.4,3420
8903,5,16.64,44.08,3421
8393,5,23.24,40.64,3422
13013,5,22.32,44.92,3423
39796,5,23.96,7.92,3424
8933,5,18.16,36.16,3425
19962,5,21.64,46.24,3426
147185,5,21.24,8.16,3427
132465,5,21.32,5.12,3428
151025,5,23.56,42.6,3429
121081,5,23.64,8.44,3430
113161,5,20.72,37.92,3431
113881,5,21.44,5.44,3432
77161,5,20.68,40.64,3433
93881,5,22.0,8.4,3434
127081,5,20.0,45.32,3435
111401,5,20.6,5.12,3436
135090,5,10.24,15.2,3437
148275,5,23.8,41.68,3438
141395,5,23.76,5.32,3439
52381,5,23.48,5.56,3440
96586,5,8.88,4.56,3441
84586,5,22.4,43.68,3442
42301,5,20.2,45.88,3443
54661,5,22.44,5.72,3444
38341,5,19.6,37.72,3445
56821,5,23.12,8.4,3446
54781,5,20.24,40.56,3447
38581,5,11.12,19.76,3448
162900,5,22.12,5.0,3449
81466,5,23.8,8.76,3450
110906,5,23.92,42.6,3451
94666,5,21.6,5.92,3452
156660,5,21.84,7.8,3453
78346,5,21.0,5.24,3454
91226,5,21.32,45.64,3455
79066,5,21.44,7.76,3456
60061,5,11.36,17.84,3457
55981,5,20.08,44.56,3458
99706,5,20.12,44.56,3459
64381,5,23.4,5.76,3460
124666,5,20.04,5.84,3461
120586,5,11.28,16.48,3462
75706,5,23.76,5.84,3463
124906,5,23.48,41.92,3464
161205,5,20.04,47.52,3465
161685,5,22.12,7.88,3466
138645,5,21.92,5.96,3467
80251,5,22.68,44.76,3468
84811,5,10.64,16.8,3469
117691,5,20.08,5.68,3470
109771,5,11.12,17.36,3471
85291,5,10.44,15.36,3472
146070,5,17.64,44.48,3473
73531,5,21.56,5.84,3474
94171,5,11.4,18.76,3475
114811,5,21.84,43.72,3476
102811,5,21.8,45.8,3477
99211,5,21.6,46.4,3478
91291,5,22.6,41.0,3479
66811,5,23.36,43.32,3480
111931,5,18.4,41.72,3481
79531,5,21.88,44.76,3482
137175,5,20.92,42.16,3483
147255,5,22.68,41.2,3484
164535,5,20.32,8.0,3485
79996,5,11.76,16.4,3486
36046,5,20.08,5.52,3487
84556,5,21.64,5.88,3488
26307,5,22.44,5.4,3489
56806,5,21.0,43.08,3490
105436,5,22.88,5.0,3491
54886,5,22.08,45.56,3492
26427,5,21.6,8.68,3493
81196,5,21.68,5.2,3494
30567,5,21.2,5.72,3495
81356,5,21.68,5.24,3496
162840,5,22.12,5.0,3497
122476,5,17.2,45.16,3498
138840,5,22.84,47.24,3499
94156,5,19.36,35.52,3500
102476,5,18.68,35.96,3501
26667,5,21.8,5.4,3502
47206,5,20.04,36.04,3503
65836,5,8.76,4.32,3504
53446,5,21.84,45.2,3505
78476,5,20.96,5.92,3506
33166,5,19.04,40.24,3507
119596,5,22.16,5.72,3508
30927,5,20.4,8.36,3509
28887,5,7.6,4.32,3510
17667,5,22.52,5.4,3511
57886,5,22.28,5.8,3512
107596,5,20.64,37.4,3513
24867,5,23.72,45.68,3514
55966,5,20.0,39.12,3515
79276,5,20.84,5.08,3516
150360,5,11.32,17.64,3517
30087,5,23.28,41.76,3518
142680,5,21.72,47.96,3519
71356,5,21.64,46.04,3520
58366,5,18.88,39.08,3521
147705,5,20.56,5.88,3522
150585,5,21.32,5.08,3523
150905,5,10.36,15.52,3524
125581,5,22.36,44.28,3525
80701,5,22.0,47.88,3526
145050,5,11.92,15.48,3527
161850,5,22.96,40.36,3528
126061,5,8.28,22.52,3529
163290,5,10.96,16.36,3530
140250,5,20.48,41.68,3531
78541,5,22.2,45.32,3532
132570,5,21.92,5.72,3533
103261,5,20.44,44.44,3534
91261,5,5.08,20.2,3535
87181,5,21.68,47.56,3536
112381,5,21.0,45.92,3537
162875,5,21.24,42.48,3538
131835,5,21.28,5.6,3539
166875,5,20.2,7.64,3540
35911,5,21.88,5.76,3541
129166,5,23.92,40.04,3542
96526,5,23.72,45.64,3543
54511,5,20.28,43.12,3544
144540,5,22.44,8.24,3545
161340,5,11.16,17.8,3546
42391,5,21.96,47.36,3547
52711,5,21.88,8.68,3548
126046,5,20.52,41.28,3549
65271,5,22.24,40.88,3550
59311,5,21.48,46.92,3551
94046,5,21.92,8.08,3552
57271,5,23.8,40.16,3553
147420,5,23.8,46.88,3554
47151,5,23.64,8.0,3555
94366,5,19.4,37.44,3556
123166,5,20.16,5.16,3557
78286,5,23.44,43.84,3558
55591,5,20.56,5.0,3559
82606,5,22.76,47.6,3560
111406,5,21.6,5.24,3561
82846,5,7.56,4.52,3562
149340,5,10.88,15.76,3563
133980,5,18.36,40.32,3564
120286,5,15.68,47.52,3565
100126,5,22.52,47.92,3566
62431,5,22.48,7.92,3567
60391,5,21.16,35.12,3568
141885,5,20.56,6.0,3569
75871,5,21.84,43.08,3570
88831,5,21.08,8.88,3571
147390,5,21.32,5.08,3572
65551,5,21.04,43.96,3573
123871,5,11.52,16.2,3574
124111,5,23.24,41.72,3575
120271,5,23.12,47.96,3576
154815,5,21.16,46.44,3577
67936,5,19.12,40.88,3578
11068,5,20.56,45.56,3579
11108,5,23.24,5.36,3580
114176,5,20.4,5.24,3581
17392,5,22.24,8.76,3582
23692,5,23.68,5.6,3583
16632,5,18.68,35.6,3584
99376,5,23.24,5.72,3585
60096,5,22.28,8.4,3586
165345,5,20.56,38.84,3587
167265,5,20.8,36.0,3588
119041,5,22.32,41.0,3589
167715,5,10.8,15.84,3590
144420,5,10.52,16.6,3591
69106,5,21.2,44.2,3592
61561,5,21.52,5.68,3593
80611,5,23.0,5.92,3594
123571,5,19.6,38.08,3595
51346,5,20.8,42.52,3596
105301,5,21.76,41.04,3597
107446,5,15.68,47.08,3598
76231,5,22.68,5.12,3599
86311,5,11.48,15.04,3600
33796,5,7.92,4.76,3601
151374,5,20.48,5.72,3602
8477,5,20.6,5.76,3603
52372,5,21.64,40.68,3604
18030,5,10.96,17.96,3605
152784,5,22.64,5.52,3606
26290,5,23.28,5.08,3607
88888,5,8.44,4.04,3608
19170,5,23.36,7.84,3609
54732,5,22.44,5.4,3610
14207,5,22.52,46.88,3611
130168,5,23.96,5.96,3612
15257,5,23.48,5.72,3613
42652,5,21.6,46.48,3614
130408,5,7.6,4.68,3615
122488,5,22.56,47.24,3616
9707,5,21.32,45.52,3617
73768,5,23.84,42.16,3618
8207,5,19.92,39.84,3619
21570,5,22.28,41.68,3620
63652,5,23.6,44.12,3621
51412,5,23.08,42.64,3622
28810,5,22.76,5.2,3623
8267,5,21.76,41.76,3624
9827,5,20.6,5.04,3625
17610,5,20.76,47.36,3626
33172,5,20.8,5.28,3627
49612,5,10.28,16.92,3628
39412,5,22.0,43.96,3629
123928,5,20.04,5.28,3630
49732,5,24.0,40.2,3631
120088,5,20.24,8.44,3632
11447,5,5.8,21.92,3633
116248,5,5.2,22.6,3634
11987,5,20.44,42.92,3635
56212,5,20.8,37.2,3636
13037,5,22.32,5.6,3637
137649,5,22.76,6.0,3638
132849,5,11.36,17.32,3639
165969,5,20.8,5.92,3640
121033,5,20.24,40.48,3641
92873,5,22.6,42.6,3642
65593,5,10.56,15.32,3643
86153,5,15.8,40.04,3644
86953,5,22.96,44.64,3645
150834,5,21.04,5.36,3646
147699,5,21.6,35.28,3647
131379,5,23.76,5.64,3648
156659,5,8.64,4.08,3649
48277,5,15.32,42.52,3650
38197,5,23.24,41.4,3651
54717,5,20.4,5.04,3652
56797,5,21.76,5.48,3653
126058,5,5.08,23.44,3654
38797,5,20.8,42.72,3655
114538,5,10.52,17.04,3656
65517,5,21.2,5.92,3657
65578,5,7.84,4.0,3658
127018,5,23.6,5.56,3659
86218,5,10.16,16.28,3660
119098,5,20.24,45.84,3661
33037,5,21.8,42.64,3662
47557,5,10.0,19.28,3663
149364,5,20.8,5.84,3664
107578,5,18.16,38.64,3665
79018,5,21.08,45.12,3666
57997,5,23.64,47.08,3667
55957,5,20.8,40.72,3668
64477,5,20.6,43.8,3669
152949,5,22.76,5.52,3670
145269,5,11.36,15.8,3671
147669,5,22.56,5.32,3672
167349,5,23.36,8.52,3673
96283,5,21.8,5.8,3674
125563,5,20.24,40.36,3675
84763,5,5.52,23.84,3676
84923,5,10.4,15.76,3677
106363,5,18.48,39.0,3678
139254,5,20.84,44.0,3679
119563,5,22.28,5.72,3680
83563,5,21.84,8.04,3681
142614,5,23.68,5.24,3682
152439,5,22.0,42.04,3683
146679,5,10.6,17.0,3684
148119,5,17.16,43.16,3685
139959,5,23.0,8.4,3686
26115,5,22.72,5.24,3687
92188,5,20.64,44.08,3688
62502,5,22.92,8.48,3689
31275,5,11.64,16.6,3690
58462,5,22.16,5.76,3691
27195,5,20.72,5.24,3692
48262,5,22.0,5.96,3693
33982,5,20.64,41.52,3694
38182,5,11.16,17.6,3695
113308,5,22.16,43.4,3696
84988,5,17.16,42.76,3697
61102,5,22.68,40.56,3698
25455,5,21.56,5.04,3699
162744,5,23.64,5.16,3700
46942,5,24.0,40.24,3701
32715,5,8.24,4.72,3702
18435,5,23.64,5.32,3703
32782,5,20.56,5.12,3704
26655,5,18.88,41.64,3705
51262,5,11.16,15.4,3706
24615,5,19.48,38.16,3707
29775,5,10.32,15.08,3708
123628,5,20.04,5.64,3709
30915,5,22.76,41.24,3710
149304,5,17.2,44.56,3711
70588,5,21.52,37.4,3712
47662,5,20.04,40.28,3713
142104,5,22.56,5.2,3714
25995,5,5.32,23.12,3715
75388,5,24.0,5.84,3716
60382,5,23.72,45.72,3717
148569,5,20.16,41.84,3718
141369,5,21.2,5.4,3719
167289,5,23.52,40.36,3720
143514,5,21.32,43.84,3721
71933,5,21.72,7.72,3722
113293,5,21.32,5.52,3723
109213,5,20.6,44.56,3724
144954,5,22.12,5.52,3725
105613,5,21.64,5.0,3726
122173,5,22.76,41.48,3727
130733,5,21.96,8.68,3728
127693,5,23.4,5.52,3729
115453,5,20.68,41.68,3730
159354,5,21.28,5.64,3731
151739,5,21.0,35.68,3732
162939,5,22.24,42.36,3733
132539,5,10.48,17.32,3734
133659,5,20.48,47.88,3735
116878,5,20.92,5.84,3736
80078,5,20.44,5.4,3737
108958,5,21.12,40.6,3738
34047,5,21.32,5.96,3739
40207,5,17.08,43.0,3740
56647,5,18.08,35.72,3741
137244,5,10.92,15.96,3742
130318,5,20.92,42.0,3743
50887,5,18.12,41.88,3744
81358,5,21.44,5.8,3745
38647,5,15.16,40.48,3746
51007,5,10.28,17.76,3747
102478,5,20.04,40.08,3748
45247,5,11.0,15.28,3749
103198,5,23.84,46.52,3750
78958,5,23.96,8.68,3751
62127,5,10.6,16.52,3752
120238,5,20.24,5.4,3753
81343,5,22.48,5.96,3754
139614,5,17.04,41.16,3755
131934,5,22.96,5.24,3756
91183,5,21.52,5.8,3757
96223,5,23.72,5.12,3758
3654,5,8.28,4.56,3759
32340,5,22.8,5.04,3760
58552,5,11.08,17.52,3761
4044,5,23.52,43.4,3762
104848,5,8.76,4.04,3763
96688,5,20.64,44.08,3764
13112,5,18.84,41.0,3765
48352,5,18.36,41.72,3766
3279,5,21.36,36.4,3767
23160,5,23.88,40.12,3768
3024,5,17.96,40.68,3769
80528,5,10.2,16.68,3770
6572,5,23.6,40.84,3771
535,5,22.08,5.84,3772
2274,5,22.64,45.04,3773
93808,5,21.36,43.56,3774
13282,5,20.96,47.8,3775
30940,5,20.24,5.24,3776
585,5,19.4,40.56,3777
136034,5,20.48,43.64,3778
163074,5,23.4,5.6,3779
94193,5,21.6,9.0,3780
65713,5,20.8,41.64,3781
145284,5,23.28,7.88,3782
164484,5,19.56,37.52,3783
92098,5,20.56,7.72,3784
134469,5,18.96,41.72,3785
43162,5,21.88,5.6,3786
63922,5,21.84,8.8,3787
46147,5,18.44,38.88,3788
63547,5,21.6,44.12,3789
58372,5,11.88,15.88,3790
150126,5,5.56,20.76,3791
24174,5,21.44,37.96,3792
12659,5,22.72,5.84,3793
62940,5,20.68,47.76,3794
137136,5,21.32,47.64,3795
9089,5,21.76,47.96,3796
44580,5,18.64,36.36,3797
105784,5,21.64,45.24,3798
30574,5,20.76,5.24,3799
9659,5,22.92,8.92,3800
138576,5,20.24,41.12,3801
9689,5,23.88,40.52,3802
30654,5,22.76,44.56,3803
53140,5,20.28,40.8,3804
32754,5,7.72,4.36,3805
16434,5,23.48,5.32,3806
61540,5,8.6,4.24,3807
37060,5,22.84,43.8,3808
47340,5,21.88,45.68,3809
14399,5,11.56,17.36,3810
17574,5,23.8,8.0,3811
59740,5,23.64,42.6,3812
49540,5,21.96,7.68,3813
90904,5,11.72,17.72,3814
87064,5,11.44,16.6,3815
17754,5,23.2,45.96,3816
8879,5,21.44,7.68,3817
10949,5,17.72,42.52,3818
35700,5,16.44,42.76,3819
167376,5,22.68,8.16,3820
41860,5,20.12,40.8,3821
19914,5,8.24,4.52,3822
35740,5,20.2,40.48,3823
16109,5,22.72,5.16,3824
30174,5,19.56,36.64,3825
13049,5,21.24,42.88,3826
151536,5,23.96,8.08,3827
135921,5,20.32,5.88,3828
144561,5,20.92,5.76,3829
146001,5,22.0,5.28,3830
154641,5,18.4,38.68,3831
156561,5,23.0,5.32,3832
116809,5,21.96,45.68,3833
112729,5,23.4,8.24,3834
88489,5,11.56,15.64,3835
160626,5,22.84,5.36,3836
113209,5,18.16,35.76,3837
109129,5,21.24,5.12,3838
88969,5,22.52,42.96,3839
113929,5,8.2,4.32,3840
154386,5,22.76,5.84,3841
118249,5,7.88,4.64,3842
106249,5,21.68,45.2,3843
147186,5,21.04,8.8,3844
99049,5,22.92,5.56,3845
71449,5,8.12,4.68,3846
132051,5,19.92,41.76,3847
151251,5,22.92,45.0,3848
92314,5,10.4,17.56,3849
108874,5,8.68,21.56,3850
50485,5,23.8,5.56,3851
84634,5,20.56,39.6,3852
52645,5,8.36,4.36,3853
161556,5,22.68,47.24,3854
56845,5,22.96,5.52,3855
81034,5,20.2,5.4,3856
36565,5,23.24,44.88,3857
118234,5,23.96,41.2,3858
61285,5,20.68,43.92,3859
106634,5,20.52,5.48,3860
106714,5,22.04,5.68,3861
164436,5,23.64,46.0,3862
70474,5,23.6,47.88,3863
47605,5,20.84,40.2,3864
74794,5,22.04,43.88,3865
49885,5,22.28,5.24,3866
150516,5,22.52,5.04,3867
37645,5,21.64,5.36,3868
116314,5,21.2,39.52,3869
134676,5,10.76,20.12,3870
160181,5,23.32,5.24,3871
140181,5,20.36,5.92,3872
140661,5,6.0,22.32,3873
166581,5,20.36,5.36,3874
129499,5,5.16,22.0,3875
93019,5,23.28,42.04,3876
125899,5,23.28,46.96,3877
162006,5,23.48,42.92,3878
85339,5,23.8,41.04,3879
138006,5,21.68,5.08,3880
97819,5,23.6,46.8,3881
77419,5,22.36,5.8,3882
130699,5,11.08,17.64,3883
164406,5,22.68,8.72,3884
90619,5,17.44,40.96,3885
123499,5,22.92,5.32,3886
99019,5,21.2,5.28,3887
135831,5,21.52,40.56,3888
153591,5,20.96,40.72,3889
164631,5,21.32,8.0,3890
134391,5,20.16,7.52,3891
116764,5,22.08,5.52,3892
31299,5,20.6,46.6,3893
104764,5,22.64,41.92,3894
58630,5,21.36,45.24,3895
50470,5,23.44,5.36,3896
32439,5,21.96,5.64,3897
113404,5,21.04,41.44,3898
88924,5,17.84,44.68,3899
34270,5,21.04,8.92,3900
54790,5,20.32,7.72,3901
17199,5,22.68,40.88,3902
122044,5,22.84,46.52,3903
46750,5,7.56,22.96,3904
81244,5,22.84,42.12,3905
21399,5,21.68,5.2,3906
53110,5,21.52,42.84,3907
38830,5,5.28,22.32,3908
61390,5,22.04,47.8,3909
20499,5,23.04,40.68,3910
53350,5,23.68,5.44,3911
26679,5,22.08,8.6,3912
47230,5,21.12,5.52,3913
45190,5,7.52,4.28,3914
63670,5,20.96,44.12,3915
59590,5,10.12,17.36,3916
24679,5,19.8,36.4,3917
156696,5,22.32,41.72,3918
39190,5,20.76,5.28,3919
70444,5,20.48,41.04,3920
55750,5,20.48,42.96,3921
25839,5,21.2,5.28,3922
23799,5,22.48,5.56,3923
16659,5,16.56,42.08,3924
32019,5,19.68,40.68,3925
53830,5,8.2,4.08,3926
41590,5,20.8,36.24,3927
128284,5,18.84,39.88,3928
111964,5,21.8,7.84,3929
108124,5,7.72,4.08,3930
91804,5,22.8,5.56,3931
26079,5,24.0,40.88,3932
167001,5,8.32,4.4,3933
116749,5,21.32,38.4,3934
75949,5,10.68,17.84,3935
113389,5,21.4,38.28,3936
81229,5,23.56,41.68,3937
122509,5,20.88,46.96,3938
164346,5,16.52,47.88,3939
164666,5,21.64,5.92,3940
78349,5,20.64,5.84,3941
111949,5,16.48,46.2,3942
71389,5,19.64,36.28,3943
128749,5,21.84,43.72,3944
162171,5,22.96,5.04,3945
131451,5,23.88,5.6,3946
158171,5,22.52,5.64,3947
167931,5,21.56,42.84,3948
38095,5,23.52,5.12,3949
40255,5,21.52,5.16,3950
136956,5,20.2,44.32,3951
44815,5,23.52,45.2,3952
38695,5,17.68,47.4,3953
102094,5,22.16,40.92,3954
94414,5,18.76,41.88,3955
131676,5,22.08,42.72,3956
47335,5,20.4,8.28,3957
61695,5,22.52,44.04,3958
127534,5,5.4,23.68,3959
82894,5,22.64,41.0,3960
41655,5,18.84,39.4,3961
143196,5,8.32,4.52,3962
165981,5,7.68,4.72,3963
164286,5,18.04,38.64,3964
74479,5,22.8,5.44,3965
151326,5,8.92,4.32,3966
154911,5,22.2,5.16,3967
167391,5,20.52,5.4,3968
13064,5,19.72,37.76,3969
11534,5,5.36,23.44,3970
151776,5,20.88,41.76,3971
8474,5,15.28,42.72,3972
1765,5,21.08,5.8,3973
31344,5,11.12,20.28,3974
12104,5,21.56,44.08,3975
24264,5,23.28,8.68,3976
9574,5,20.16,37.4,3977
5303,5,21.48,40.96,3978
727,5,22.6,5.52,3979
32484,5,22.32,41.28,3980
30444,5,20.68,45.16,3981
14714,5,21.88,41.08,3982
22344,5,21.76,8.24,3983
9754,5,20.48,40.12,3984
103184,5,20.52,47.28,3985
99904,5,23.48,43.4,3986
134336,5,10.48,17.84,3987
15584,5,19.88,38.72,3988
9964,5,15.76,44.56,3989
89009,5,18.6,41.48,3990
77314,5,23.48,41.16,3991
48025,5,15.52,40.4,3992
19869,5,21.4,37.4,3993
149961,5,22.04,5.44,3994
116389,5,21.12,35.32,3995
152331,5,20.52,8.68,3996
42355,5,22.92,5.48,3997
138606,5,18.44,35.84,3998
28174,5,21.84,5.56,3999
115207,5,20.04,44.52,4000
17946,1,13.2,26.88,4001
16926,1,6.76,10.6,4002
58444,1,14.0,3.08,4003
13085,1,13.2,28.52,4004
60604,1,13.88,3.24,4005
52564,1,14.52,3.6,4006
20166,1,10.2,27.48,4007
16235,1,13.28,3.24,4008
56764,1,12.6,4.76,4009
9595,1,14.12,4.72,4010
62964,1,7.32,10.72,4011
30486,1,11.72,24.52,4012
24366,1,12.12,24.52,4013
72952,1,13.4,27.64,4014
97672,1,7.16,9.96,4015
73432,1,12.88,5.48,4016
114472,1,14.36,24.88,4017
11255,1,13.0,5.32,4018
36844,1,12.56,3.52,4019
9215,1,12.92,27.48,4020
118792,1,12.52,3.2,4021
148112,1,13.56,3.16,4022
148272,1,7.16,10.0,4023
78472,1,14.04,28.08,4024
10325,1,12.6,28.44,4025
12905,1,14.16,5.24,4026
149712,1,12.16,22.6,4027
31026,1,14.44,3.08,4028
79192,1,5.28,2.84,4029
28026,1,13.08,5.32,4030
25986,1,6.72,10.72,4031
12485,1,13.12,26.96,4032
9425,1,11.76,23.24,4033
28086,1,12.68,29.0,4034
41884,1,13.64,25.68,4035
60364,1,13.12,22.32,4036
19966,1,14.44,25.4,4037
136017,1,13.8,5.52,4038
145137,1,13.48,3.08,4039
129257,1,12.8,4.96,4040
121417,1,12.88,25.8,4041
136722,1,14.24,5.48,4042
68377,1,5.36,2.48,4043
89257,1,5.24,2.64,4044
85177,1,14.04,27.52,4045
154002,1,7.24,9.24,4046
77017,1,3.64,13.0,4047
106057,1,3.32,12.8,4048
110617,1,9.4,25.44,4049
123017,1,5.16,2.96,4050
131442,1,10.52,25.28,4051
86377,1,12.88,3.16,4052
111017,1,13.92,27.32,4053
99577,1,13.12,3.6,4054
120697,1,11.72,25.16,4055
92137,1,14.08,26.16,4056
152787,1,13.16,26.92,4057
158387,1,12.32,5.28,4058
54469,1,14.44,25.52,4059
50389,1,14.2,26.88,4060
113242,1,13.24,3.44,4061
136692,1,14.72,5.48,4062
105562,1,13.32,29.44,4063
105802,1,13.04,25.28,4064
36589,1,12.56,25.72,4065
42829,1,12.88,3.32,4066
102362,1,14.76,28.12,4067
86122,1,14.6,4.64,4068
127162,1,12.32,26.52,4069
32869,1,14.12,3.64,4070
63589,1,13.28,27.6,4071
43429,1,12.6,3.32,4072
70522,1,14.76,3.4,4073
87082,1,14.16,3.6,4074
91402,1,13.12,3.28,4075
60109,1,13.56,27.4,4076
99802,1,12.6,3.4,4077
95722,1,7.12,9.76,4078
39709,1,12.44,5.48,4079
41869,1,12.6,26.92,4080
135477,1,12.68,28.32,4081
71947,1,14.68,3.52,4082
92827,1,14.08,25.24,4083
109387,1,12.56,26.04,4084
72667,1,7.36,9.48,4085
137622,1,14.68,3.68,4086
87067,1,12.4,28.48,4087
120347,1,13.96,3.44,4088
142422,1,13.72,5.04,4089
100267,1,14.76,26.72,4090
146967,1,13.16,24.64,4091
141207,1,13.04,28.24,4092
166167,1,11.32,21.68,4093
29271,1,3.32,13.0,4094
50374,1,13.68,27.84,4095
109532,1,7.04,10.32,4096
31491,1,14.52,26.4,4097
137592,1,13.04,4.88,4098
105932,1,14.2,29.0,4099
114172,1,10.36,26.52,4100
61294,1,13.4,3.12,4101
29631,1,5.44,2.8,4102
85852,1,7.04,10.96,4103
34774,1,13.84,5.32,4104
65494,1,14.28,5.04,4105
47134,1,13.84,3.32,4106
23571,1,12.6,3.64,4107
34894,1,14.64,25.68,4108
29751,1,13.72,26.2,4109
70012,1,13.4,24.76,4110
23671,1,10.24,28.48,4111
35134,1,6.4,10.92,4112
30951,1,3.16,13.32,4113
17731,1,11.76,23.92,4114
79132,1,12.28,25.72,4115
28111,1,14.32,5.24,4116
68077,1,12.48,25.32,4117
121597,1,7.08,10.92,4118
130397,1,14.68,27.6,4119
87277,1,13.36,29.04,4120
120397,1,14.2,3.52,4121
142842,1,14.16,3.28,4122
143867,1,9.88,28.2,4123
62479,1,12.84,3.68,4124
58399,1,12.76,24.76,4125
80062,1,12.4,3.36,4126
92542,1,3.52,13.24,4127
58959,1,13.04,3.24,4128
57079,1,3.48,13.2,4129
48919,1,12.96,3.44,4130
73342,1,14.0,26.84,4131
55159,1,9.48,28.6,4132
147132,1,9.28,25.36,4133
65479,1,14.28,3.6,4134
36879,1,6.88,10.16,4135
106702,1,12.4,28.48,4136
58119,1,11.24,25.16,4137
75742,1,6.44,10.28,4138
85567,1,12.96,3.12,4139
65567,1,14.36,26.0,4140
90367,1,13.52,24.92,4141
131742,1,7.04,11.0,4142
156702,1,12.72,5.36,4143
140862,1,12.32,3.12,4144
127807,1,13.08,3.64,4145
91007,1,13.08,28.68,4146
107567,1,12.36,22.32,4147
142782,1,14.36,26.4,4148
120607,1,14.28,25.32,4149
88432,1,14.32,26.68,4150
121232,1,11.28,24.4,4151
15170,1,14.4,26.12,4152
15200,1,14.2,5.36,4153
9590,1,12.32,3.28,4154
1967,1,12.24,25.28,4155
300,1,5.52,2.64,4156
8230,1,13.0,4.8,4157
5141,1,4.92,2.52,4158
7716,1,14.6,27.8,4159
14920,1,13.6,3.52,4160
14960,1,11.48,24.36,4161
12940,1,14.68,3.24,4162
71152,1,13.56,4.92,4163
28056,1,6.4,9.92,4164
135072,1,13.6,3.12,4165
152772,1,4.72,2.92,4166
89362,1,14.6,3.36,4167
93187,1,12.32,24.8,4168
103267,1,14.6,3.44,4169
120307,1,12.88,3.44,4170
150087,1,12.36,29.16,4171
57274,1,13.28,5.36,4172
28881,1,13.96,25.6,4173
149832,1,13.44,28.04,4174
133962,1,12.36,24.08,4175
124837,1,13.2,3.2,4176
36379,1,14.6,3.12,4177
35299,1,12.64,3.16,4178
94087,1,13.76,3.6,4179
42004,1,13.44,3.24,4180
74215,1,9.88,28.8,4181
88120,1,13.64,25.92,4182
54388,1,13.0,27.44,4183
100840,1,13.08,28.96,4184
24198,1,6.2,9.48,4185
9551,1,13.84,3.36,4186
34108,1,6.36,9.76,4187
30378,1,13.4,3.28,4188
15191,1,6.92,10.68,4189
68440,1,14.52,5.52,4190
64948,1,12.84,28.76,4191
16241,1,13.6,3.16,4192
9611,1,13.72,4.92,4193
24378,1,14.0,27.64,4194
46708,1,14.68,5.16,4195
22338,1,13.56,3.2,4196
145968,1,12.88,4.8,4197
163088,1,13.36,5.32,4198
14291,1,13.88,25.4,4199
46948,1,12.32,27.96,4200
17358,1,10.32,24.92,4201
57268,1,14.2,3.44,4202
14321,1,7.0,9.6,4203
65560,1,6.16,10.48,4204
110680,1,6.2,9.32,4205
59548,1,13.24,3.2,4206
45268,1,13.92,25.12,4207
70120,1,6.8,10.36,4208
31938,1,3.64,12.8,4209
30918,1,14.56,25.64,4210
82840,1,6.72,9.84,4211
70600,1,14.24,3.32,4212
14471,1,14.28,29.04,4213
11921,1,4.72,13.52,4214
33388,1,12.68,3.4,4215
55948,1,13.04,4.84,4216
10931,1,13.36,3.28,4217
22938,1,13.44,29.32,4218
24018,1,14.12,26.84,4219
10991,1,6.6,10.64,4220
35788,1,13.0,5.24,4221
112600,1,13.6,24.88,4222
144273,1,12.68,25.08,4223
162833,1,14.16,3.36,4224
147153,1,13.12,24.84,4225
135153,1,13.0,28.56,4226
80665,1,12.64,22.84,4227
113465,1,11.52,23.16,4228
81145,1,14.64,3.4,4229
109945,1,10.36,25.36,4230
105865,1,12.56,3.44,4231
82025,1,11.52,21.84,4232
82105,1,14.04,5.04,4233
142418,1,13.76,4.72,4234
108265,1,12.6,24.8,4235
96025,1,13.08,26.56,4236
164403,1,12.32,26.16,4237
150003,1,14.24,27.28,4238
150483,1,12.16,23.6,4239
42093,1,13.6,3.16,4240
104890,1,14.76,27.44,4241
40173,1,13.6,5.32,4242
121450,1,12.0,21.52,4243
117850,1,3.68,12.6,4244
130330,1,14.64,27.08,4245
40693,1,12.6,25.88,4246
77290,1,12.72,3.12,4247
46933,1,13.92,27.2,4248
42853,1,14.4,3.28,4249
57493,1,14.24,25.28,4250
39133,1,14.32,3.64,4251
33133,1,14.4,28.28,4252
49573,1,6.52,9.88,4253
70490,1,4.88,2.68,4254
166068,1,14.68,3.08,4255
70810,1,14.72,3.44,4256
158388,1,12.96,3.24,4257
60133,1,14.56,3.68,4258
148053,1,13.56,25.72,4259
150453,1,14.48,3.44,4260
121195,1,13.48,3.52,4261
113035,1,13.08,25.24,4262
113275,1,6.48,9.68,4263
161238,1,12.52,3.24,4264
93115,1,13.52,3.56,4265
68795,1,14.4,3.2,4266
154038,1,5.2,14.48,4267
69115,1,10.36,26.12,4268
155478,1,10.44,26.8,4269
102955,1,13.32,3.56,4270
140438,1,11.48,24.48,4271
103675,1,13.76,5.28,4272
71275,1,9.36,26.64,4273
67435,1,14.4,3.56,4274
108475,1,12.36,28.28,4275
149943,1,5.2,2.92,4276
96460,1,9.96,28.12,4277
24183,1,13.92,27.16,4278
40198,1,13.16,25.88,4279
38158,1,6.6,11.0,4280
18063,1,12.6,25.12,4281
34078,1,14.36,28.88,4282
52678,1,11.88,23.52,4283
40438,1,3.44,13.2,4284
38638,1,13.96,3.4,4285
97900,1,5.24,2.64,4286
38758,1,12.48,27.48,4287
130780,1,12.92,3.48,4288
31683,1,14.4,5.36,4289
55318,1,14.32,24.68,4290
131448,1,13.56,3.32,4291
61558,1,13.76,3.24,4292
41158,1,12.88,5.4,4293
17523,1,14.28,29.0,4294
63718,1,9.8,25.24,4295
66220,1,14.48,3.28,4296
157848,1,12.96,26.0,4297
103580,1,13.76,3.52,4298
39718,1,14.04,27.68,4299
100060,1,14.24,3.44,4300
43918,1,14.16,3.44,4301
60358,1,13.08,26.52,4302
112540,1,10.64,24.88,4303
140793,1,13.88,29.0,4304
135033,1,12.96,3.68,4305
155418,1,13.72,3.08,4306
78365,1,14.72,29.08,4307
107245,1,6.68,9.68,4308
91405,1,14.36,3.64,4309
71005,1,10.76,27.96,4310
83405,1,13.04,29.04,4311
166938,1,14.72,3.12,4312
79645,1,13.2,25.08,4313
120685,1,12.56,5.0,4314
135963,1,13.76,25.0,4315
154203,1,13.52,29.48,4316
146043,1,11.2,24.56,4317
142683,1,13.52,3.28,4318
143003,1,9.44,26.2,4319
159483,1,14.4,3.28,4320
168348,1,12.92,28.16,4321
62623,1,13.12,28.72,4322
136668,1,13.32,28.64,4323
36223,1,14.2,26.68,4324
121630,1,12.8,3.4,4325
109390,1,9.88,27.04,4326
145308,1,13.76,4.8,4327
65023,1,9.52,28.76,4328
61143,1,14.2,3.6,4329
154908,1,9.72,29.0,4330
118750,1,13.36,3.56,4331
55303,1,13.6,5.4,4332
155708,1,13.16,22.84,4333
45223,1,14.36,25.28,4334
148668,1,14.48,3.4,4335
70270,1,14.52,27.96,4336
127870,1,13.4,4.64,4337
103390,1,13.04,5.2,4338
47623,1,13.28,3.4,4339
57943,1,14.6,26.76,4340
39783,1,7.12,10.08,4341
80575,1,13.8,28.8,4342
125935,1,14.6,29.36,4343
126175,1,14.56,3.08,4344
101615,1,13.28,22.32,4345
149598,1,14.0,3.4,4346
103855,1,13.16,3.28,4347
100015,1,14.12,25.44,4348
143583,1,11.52,24.2,4349
164703,1,10.12,25.0,4350
5519,1,14.12,3.6,4351
104800,1,14.48,3.48,4352
22108,1,14.44,3.48,4353
76240,1,12.64,3.2,4354
20088,1,13.68,3.52,4355
64768,1,13.12,28.68,4356
197,1,12.36,3.24,4357
54688,1,13.28,3.44,4358
3435,1,12.64,4.76,4359
77360,1,12.36,3.24,4360
81520,1,13.88,3.12,4361
24528,1,14.24,28.88,4362
63408,1,11.8,22.36,4363
6939,1,11.92,23.4,4364
55608,1,5.24,2.64,4365
5949,1,13.24,5.28,4366
150528,1,13.76,3.28,4367
5219,1,12.52,3.36,4368
99920,1,13.04,25.0,4369
8426,1,12.44,5.44,4370
148193,1,11.12,24.16,4371
161378,1,6.28,10.4,4372
89185,1,13.64,28.52,4373
90545,1,11.12,24.56,4374
103330,1,11.44,23.36,4375
30513,1,12.52,5.52,4376
31713,1,13.76,5.32,4377
28113,1,9.84,26.2,4378
135273,1,14.12,26.2,4379
42883,1,14.44,3.32,4380
60163,1,13.52,28.88,4381
18958,1,12.84,29.04,4382
83671,1,4.6,2.48,4383
104536,1,14.2,26.4,4384
121016,1,12.56,3.6,4385
29262,1,14.64,27.2,4386
104776,1,14.64,24.76,4387
92536,1,14.24,25.12,4388
72136,1,13.88,3.64,4389
9533,1,3.68,14.08,4390
14663,1,11.36,22.76,4391
24222,1,13.28,29.4,4392
109336,1,12.72,28.2,4393
30442,1,11.2,21.84,4394
22282,1,3.64,12.48,4395
27462,1,13.44,29.36,4396
29542,1,12.88,28.8,4397
65236,1,14.6,29.48,4398
12223,1,13.08,22.56,4399
101896,1,14.4,4.76,4400
154800,1,14.52,3.44,4401
38716,1,14.72,27.0,4402
130696,1,13.76,26.92,4403
53116,1,13.6,28.04,4404
26562,1,14.2,27.36,4405
38836,1,14.56,4.88,4406
65476,1,12.88,28.24,4407
57316,1,6.76,9.52,4408
26622,1,11.2,23.28,4409
164240,1,13.08,25.76,4410
51316,1,13.12,3.6,4411
59596,1,13.88,3.4,4412
15413,1,4.96,7.24,4413
14393,1,5.0,2.92,4414
156560,1,13.4,4.84,4415
39436,1,13.32,3.2,4416
16043,1,13.64,3.2,4417
55996,1,12.8,28.72,4418
166800,1,11.88,22.36,4419
10943,1,14.04,3.32,4420
8903,1,10.24,27.12,4421
8393,1,14.28,25.0,4422
13013,1,13.76,27.64,4423
39796,1,14.76,4.88,4424
8933,1,11.16,22.24,4425
19962,1,13.32,28.44,4426
147185,1,13.08,5.0,4427
132465,1,13.12,3.12,4428
151025,1,14.48,26.24,4429
121081,1,14.56,5.2,4430
113161,1,12.76,23.32,4431
113881,1,13.2,3.36,4432
77161,1,12.72,25.0,4433
93881,1,13.56,5.2,4434
127081,1,12.32,27.88,4435
111401,1,12.68,3.16,4436
135090,1,6.28,9.36,4437
148275,1,14.64,25.64,4438
141395,1,14.64,3.28,4439
52381,1,14.44,3.44,4440
96586,1,5.44,2.8,4441
84586,1,13.8,26.88,4442
42301,1,12.44,28.24,4443
54661,1,13.8,3.52,4444
38341,1,12.04,23.2,4445
56821,1,14.2,5.16,4446
54781,1,12.48,24.96,4447
38581,1,6.84,12.16,4448
162900,1,13.6,3.08,4449
81466,1,14.64,5.4,4450
110906,1,14.72,26.24,4451
94666,1,13.28,3.64,4452
156660,1,13.44,4.8,4453
78346,1,12.92,3.2,4454
91226,1,13.12,28.08,4455
79066,1,13.2,4.76,4456
60061,1,7.0,10.96,4457
55981,1,12.36,27.44,4458
99706,1,12.36,27.44,4459
64381,1,14.4,3.56,4460
124666,1,12.32,3.6,4461
120586,1,6.92,10.16,4462
75706,1,14.6,3.6,4463
124906,1,14.44,25.8,4464
161205,1,12.36,29.24,4465
161685,1,13.6,4.84,4466
138645,1,13.48,3.68,4467
80251,1,13.96,27.52,4468
84811,1,6.56,10.36,4469
117691,1,12.36,3.48,4470
109771,1,6.84,10.68,4471
85291,1,6.4,9.44,4472
146070,1,10.84,27.36,4473
73531,1,13.28,3.6,4474
94171,1,7.04,11.56,4475
114811,1,13.44,26.92,4476
102811,1,13.4,28.2,4477
99211,1,13.28,28.56,4478
91291,1,13.92,25.24,4479
66811,1,14.36,26.64,4480
111931,1,11.32,25.68,4481
79531,1,13.44,27.52,4482
137175,1,12.88,25.96,4483
147255,1,13.96,25.36,4484
164535,1,12.48,4.92,4485
79996,1,7.24,10.08,4486
36046,1,12.36,3.4,4487
84556,1,13.32,3.64,4488
26307,1,13.8,3.32,4489
56806,1,12.92,26.52,4490
105436,1,14.08,3.08,4491
54886,1,13.56,28.04,4492
26427,1,13.28,5.36,4493
81196,1,13.36,3.2,4494
30567,1,13.04,3.52,4495
81356,1,13.36,3.2,4496
162840,1,13.6,3.08,4497
122476,1,10.56,27.8,4498
138840,1,14.04,29.08,4499
94156,1,11.92,21.88,4500
102476,1,11.48,22.12,4501
26667,1,13.44,3.32,4502
47206,1,12.32,22.16,4503
65836,1,5.4,2.64,4504
53446,1,13.44,27.8,4505
78476,1,12.88,3.64,4506
33166,1,11.72,24.76,4507
119596,1,13.64,3.52,4508
30927,1,12.56,5.16,4509
28887,1,4.68,2.64,4510
17667,1,13.88,3.32,4511
57886,1,13.72,3.56,4512
107596,1,12.68,23.0,4513
24867,1,14.6,28.12,4514
55966,1,12.32,24.08,4515
79276,1,12.84,3.12,4516
150360,1,6.96,10.88,4517
30087,1,14.32,25.68,4518
142680,1,13.36,29.52,4519
71356,1,13.32,28.32,4520
58366,1,11.6,24.08,4521
147705,1,12.64,3.6,4522
150585,1,13.12,3.12,4523
150905,1,6.4,9.56,4524
125581,1,13.76,27.24,4525
80701,1,13.56,29.48,4526
145050,1,7.36,9.52,4527
161850,1,14.12,24.84,4528
126061,1,5.08,13.84,4529
163290,1,6.76,10.08,4530
140250,1,12.6,25.64,4531
78541,1,13.64,27.88,4532
132570,1,13.48,3.52,4533
103261,1,12.6,27.36,4534
91261,1,3.12,12.44,4535
87181,1,13.36,29.28,4536
112381,1,12.92,28.24,4537
162875,1,13.08,26.12,4538
131835,1,13.08,3.44,4539
166875,1,12.44,4.72,4540
35911,1,13.48,3.56,4541
129166,1,14.72,24.64,4542
96526,1,14.6,28.08,4543
54511,1,12.48,26.56,4544
144540,1,13.8,5.04,4545
161340,1,6.88,10.96,4546
42391,1,13.52,29.16,4547
52711,1,13.48,5.36,4548
126046,1,12.64,25.4,4549
65271,1,13.68,25.16,4550
59311,1,13.2,28.88,4551
94046,1,13.48,4.96,4552
57271,1,14.64,24.72,4553
147420,1,14.64,28.84,4554
47151,1,14.56,4.92,4555
94366,1,11.96,23.04,4556
123166,1,12.4,3.16,4557
78286,1,14.4,27.0,4558
55591,1,12.64,3.08,4559
82606,1,14.0,29.28,4560
111406,1,13.28,3.2,4561
82846,1,4.64,2.8,4562
149340,1,6.68,9.68,4563
133980,1,11.28,24.8,4564
120286,1,9.64,29.24,4565
100126,1,13.84,29.48,4566
62431,1,13.84,4.88,4567
60391,1,13.0,21.64,4568
141885,1,12.64,3.68,4569
75871,1,13.44,26.52,4570
88831,1,12.96,5.44,4571
147390,1,13.12,3.12,4572
65551,1,12.96,27.04,4573
123871,1,7.08,9.96,4574
124111,1,14.32,25.68,4575
120271,1,14.24,29.52,4576
154815,1,13.04,28.56,4577
67936,1,11.76,25.16,4578
11068,1,12.64,28.04,4579
11108,1,14.32,3.32,4580
114176,1,12.56,3.24,4581
17392,1,13.68,5.4,4582
23692,1,14.56,3.44,4583
16632,1,11.48,21.88,4584
99376,1,14.32,3.52,4585
60096,1,13.72,5.16,4586
165345,1,12.68,23.92,4587
167265,1,12.8,22.16,4588
119041,1,13.72,25.24,4589
167715,1,6.64,9.76,4590
144420,1,6.48,10.24,4591
69106,1,13.04,27.2,4592
61561,1,13.24,3.48,4593
80611,1,14.16,3.64,4594
123571,1,12.08,23.44,4595
51346,1,12.8,26.16,4596
105301,1,13.4,25.24,4597
107446,1,9.64,28.96,4598
76231,1,13.96,3.16,4599
86311,1,7.08,9.24,4600
33796,1,4.88,2.92,4601
151374,1,12.6,3.52,4602
8477,1,12.68,3.56,4603
52372,1,13.32,25.04,4604
18030,1,6.76,11.04,4605
152784,1,13.92,3.4,4606
26290,1,14.32,3.12,4607
88888,1,5.2,2.48,4608
19170,1,14.36,4.84,4609
54732,1,13.8,3.32,4610
14207,1,13.84,28.88,4611
130168,1,14.72,3.68,4612
15257,1,14.44,3.52,4613
42652,1,13.32,28.6,4614
130408,1,4.68,2.88,4615
122488,1,13.88,29.08,4616
9707,1,13.12,28.0,4617
73768,1,14.68,25.92,4618
8207,1,12.24,24.52,4619
21570,1,13.72,25.68,4620
63652,1,14.52,27.16,4621
51412,1,14.2,26.24,4622
28810,1,14.0,3.2,4623
8267,1,13.4,25.68,4624
9827,1,12.68,3.12,4625
17610,1,12.76,29.16,4626
33172,1,12.8,3.24,4627
49612,1,6.32,10.4,4628
39412,1,13.56,27.04,4629
123928,1,12.32,3.24,4630
49732,1,14.76,24.72,4631
120088,1,12.48,5.2,4632
11447,1,3.56,13.48,4633
116248,1,3.2,13.92,4634
11987,1,12.6,26.4,4635
56212,1,12.8,22.92,4636
13037,1,13.76,3.44,4637
137649,1,14.0,3.68,4638
132849,1,7.0,10.68,4639
165969,1,12.8,3.64,4640
121033,1,12.44,24.92,4641
92873,1,13.88,26.2,4642
65593,1,6.52,9.44,4643
86153,1,9.72,24.64,4644
86953,1,14.12,27.48,4645
150834,1,12.96,3.28,4646
147699,1,13.28,21.72,4647
131379,1,14.64,3.48,4648
156659,1,5.32,2.52,4649
48277,1,9.44,26.16,4650
38197,1,14.28,25.48,4651
54717,1,12.56,3.12,4652
56797,1,13.36,3.36,4653
126058,1,3.12,14.44,4654
38797,1,12.8,26.28,4655
114538,1,6.48,10.48,4656
65517,1,13.04,3.64,4657
65578,1,4.84,2.48,4658
127018,1,14.52,3.44,4659
86218,1,6.24,10.0,4660
119098,1,12.44,28.2,4661
33037,1,13.4,26.24,4662
47557,1,6.16,11.88,4663
149364,1,12.8,3.6,4664
107578,1,11.16,23.76,4665
79018,1,12.96,27.76,4666
57997,1,14.56,29.0,4667
55957,1,12.8,25.08,4668
64477,1,12.68,26.96,4669
152949,1,14.0,3.4,4670
145269,1,7.0,9.72,4671
147669,1,13.88,3.28,4672
167349,1,14.36,5.24,4673
96283,1,13.44,3.56,4674
125563,1,12.48,24.84,4675
84763,1,3.4,14.68,4676
84923,1,6.4,9.68,4677
106363,1,11.4,24.0,4678
139254,1,12.84,27.08,4679
119563,1,13.68,3.52,4680
83563,1,13.44,4.96,4681
142614,1,14.56,3.24,4682
152439,1,13.56,25.88,4683
146679,1,6.52,10.44,4684
148119,1,10.56,26.56,4685
139959,1,14.16,5.16,4686
26115,1,14.0,3.24,4687
92188,1,12.72,27.12,4688
62502,1,14.08,5.2,4689
31275,1,7.16,10.24,4690
58462,1,13.64,3.56,4691
27195,1,12.72,3.24,4692
48262,1,13.56,3.64,4693
33982,1,12.72,25.56,4694
38182,1,6.88,10.84,4695
113308,1,13.64,26.72,4696
84988,1,10.56,26.32,4697
61102,1,13.96,24.96,4698
25455,1,13.24,3.12,4699
162744,1,14.56,3.16,4700
46942,1,14.76,24.76,4701
32715,1,5.08,2.88,4702
18435,1,14.52,3.28,4703
32782,1,12.64,3.16,4704
26655,1,11.64,25.64,4705
51262,1,6.88,9.48,4706
24615,1,12.0,23.48,4707
29775,1,6.36,9.28,4708
123628,1,12.36,3.48,4709
30915,1,14.0,25.36,4710
149304,1,10.6,27.4,4711
70588,1,13.24,23.0,4712
47662,1,12.32,24.8,4713
142104,1,13.88,3.2,4714
25995,1,3.28,14.2,4715
75388,1,14.76,3.6,4716
60382,1,14.6,28.16,4717
148569,1,12.4,25.76,4718
141369,1,13.04,3.32,4719
167289,1,14.48,24.84,4720
143514,1,13.12,27.0,4721
71933,1,13.36,4.76,4722
113293,1,13.12,3.4,4723
109213,1,12.68,27.4,4724
144954,1,13.6,3.4,4725
105613,1,13.32,3.08,4726
122173,1,14.0,25.52,4727
130733,1,13.52,5.36,4728
127693,1,14.4,3.4,4729
115453,1,12.72,25.64,4730
159354,1,13.12,3.48,4731
151739,1,12.92,21.96,4732
162939,1,13.68,26.04,4733
132539,1,6.44,10.68,4734
133659,1,12.6,29.48,4735
116878,1,12.88,3.6,4736
80078,1,12.56,3.32,4737
108958,1,13.0,24.96,4738
34047,1,13.12,3.64,4739
40207,1,10.52,26.48,4740
56647,1,11.12,21.96,4741
137244,1,6.72,9.84,4742
130318,1,12.88,25.84,4743
50887,1,11.16,25.76,4744
81358,1,13.2,3.56,4745
38647,1,9.32,24.88,4746
51007,1,6.32,10.92,4747
102478,1,12.36,24.68,4748
45247,1,6.76,9.4,4749
103198,1,14.64,28.64,4750
78958,1,14.72,5.36,4751
62127,1,6.52,10.16,4752
120238,1,12.44,3.32,4753
81343,1,13.84,3.68,4754
139614,1,10.48,25.32,4755
131934,1,14.16,3.24,4756
91183,1,13.24,3.56,4757
96223,1,14.6,3.16,4758
3654,1,5.08,2.8,4759
32340,1,14.04,3.08,4760
58552,1,6.84,10.8,4761
4044,1,14.48,26.68,4762
104848,1,5.4,2.48,4763
96688,1,12.72,27.12,4764
13112,1,11.6,25.24,4765
48352,1,11.32,25.68,4766
3279,1,13.16,22.4,4767
23160,1,14.68,24.68,4768
3024,1,11.04,25.04,4769
80528,1,6.28,10.24,4770
6572,1,14.52,25.12,4771
535,1,13.6,3.6,4772
2274,1,13.92,27.72,4773
93808,1,13.16,26.8,4774
13282,1,12.92,29.44,4775
30940,1,12.44,3.2,4776
585,1,11.96,24.96,4777
136034,1,12.6,26.88,4778
163074,1,14.4,3.44,4779
94193,1,13.28,5.52,4780
65713,1,12.8,25.64,4781
145284,1,14.32,4.88,4782
164484,1,12.04,23.08,4783
92098,1,12.64,4.76,4784
134469,1,11.64,25.68,4785
43162,1,13.48,3.44,4786
63922,1,13.44,5.4,4787
46147,1,11.36,23.92,4788
63547,1,13.32,27.16,4789
58372,1,7.32,9.76,4790
150126,1,3.4,12.8,4791
24174,1,13.2,23.36,4792
12659,1,14.0,3.6,4793
62940,1,12.72,29.4,4794
137136,1,13.12,29.32,4795
9089,1,13.4,29.52,4796
44580,1,11.48,22.36,4797
105784,1,13.32,27.84,4798
30574,1,12.76,3.2,4799
9659,1,14.12,5.48,4800
138576,1,12.48,25.32,4801
9689,1,14.68,24.92,4802
30654,1,14.0,27.44,4803
53140,1,12.48,25.12,4804
32754,1,4.72,2.68,4805
16434,1,14.44,3.28,4806
61540,1,5.32,2.6,4807
37060,1,14.04,26.96,4808
47340,1,13.48,28.12,4809
14399,1,7.12,10.68,4810
17574,1,14.64,4.92,4811
59740,1,14.56,26.2,4812
49540,1,13.52,4.72,4813
90904,1,7.24,10.92,4814
87064,1,7.04,10.2,4815
17754,1,14.28,28.28,4816
8879,1,13.2,4.72,4817
10949,1,10.92,26.16,4818
35700,1,10.12,26.32,4819
167376,1,13.96,5.0,4820
41860,1,12.4,25.12,4821
19914,1,5.08,2.8,4822
35740,1,12.44,24.92,4823
16109,1,14.0,3.16,4824
30174,1,12.04,22.56,4825
13049,1,13.08,26.4,4826
151536,1,14.76,5.0,4827
135921,1,12.48,3.6,4828
144561,1,12.88,3.52,4829
146001,1,13.56,3.24,4830
154641,1,11.32,23.8,4831
156561,1,14.16,3.28,4832
116809,1,13.52,28.12,4833
112729,1,14.4,5.08,4834
88489,1,7.12,9.64,4835
160626,1,14.08,3.28,4836
113209,1,11.16,22.0,4837
109129,1,13.04,3.16,4838
88969,1,13.84,26.44,4839
113929,1,5.04,2.68,4840
154386,1,14.0,3.6,4841
118249,1,4.84,2.84,4842
106249,1,13.36,27.84,4843
147186,1,12.96,5.44,4844
99049,1,14.12,3.44,4845
71449,1,5.0,2.88,4846
132051,1,12.24,25.72,4847
151251,1,14.08,27.72,4848
92314,1,6.4,10.8,4849
108874,1,5.36,13.28,4850
50485,1,14.64,3.44,4851
84634,1,12.64,24.36,4852
52645,1,5.16,2.68,4853
161556,1,13.96,29.08,4854
56845,1,14.16,3.4,4855
81034,1,12.44,3.32,4856
36565,1,14.28,27.64,4857
118234,1,14.76,25.36,4858
61285,1,12.72,27.04,4859
106634,1,12.64,3.36,4860
106714,1,13.56,3.48,4861
164436,1,14.56,28.32,4862
70474,1,14.52,29.44,4863
47605,1,12.84,24.72,4864
74794,1,13.56,27.0,4865
49885,1,13.72,3.24,4866
150516,1,13.84,3.12,4867
37645,1,13.32,3.28,4868
116314,1,13.04,24.32,4869
134676,1,6.64,12.4,4870
160181,1,14.36,3.24,4871
140181,1,12.52,3.64,4872
140661,1,3.68,13.72,4873
166581,1,12.52,3.32,4874
129499,1,3.16,13.52,4875
93019,1,14.32,25.88,4876
125899,1,14.32,28.88,4877
162006,1,14.44,26.44,4878
85339,1,14.64,25.24,4879
138006,1,13.32,3.12,4880
97819,1,14.52,28.8,4881
77419,1,13.76,3.56,4882
130699,1,6.8,10.88,4883
164406,1,13.96,5.36,4884
90619,1,10.72,25.2,4885
123499,1,14.12,3.28,4886
99019,1,13.04,3.24,4887
135831,1,13.24,24.96,4888
153591,1,12.88,25.08,4889
164631,1,13.12,4.92,4890
134391,1,12.4,4.6,4891
116764,1,13.6,3.4,4892
31299,1,12.68,28.68,4893
104764,1,13.92,25.8,4894
58630,1,13.16,27.84,4895
50470,1,14.44,3.28,4896
32439,1,13.52,3.48,4897
113404,1,12.96,25.52,4898
88924,1,10.96,27.48,4899
34270,1,12.92,5.48,4900
54790,1,12.52,4.76,4901
17199,1,13.96,25.16,4902
122044,1,14.04,28.64,4903
46750,1,4.64,14.12,4904
81244,1,14.04,25.92,4905
21399,1,13.36,3.2,4906
53110,1,13.24,26.36,4907
38830,1,3.24,13.72,4908
61390,1,13.56,29.4,4909
20499,1,14.2,25.04,4910
53350,1,14.56,3.36,4911
26679,1,13.6,5.28,4912
47230,1,13.0,3.4,4913
45190,1,4.64,2.64,4914
63670,1,12.92,27.12,4915
59590,1,6.2,10.68,4916
24679,1,12.16,22.4,4917
156696,1,13.72,25.68,4918
39190,1,12.76,3.24,4919
70444,1,12.6,25.28,4920
55750,1,12.6,26.44,4921
25839,1,13.04,3.24,4922
23799,1,13.84,3.44,4923
16659,1,10.16,25.88,4924
32019,1,12.12,25.04,4925
53830,1,5.04,2.52,4926
41590,1,12.8,22.32,4927
128284,1,11.6,24.56,4928
111964,1,13.4,4.8,4929
108124,1,4.76,2.52,4930
91804,1,14.04,3.44,4931
26079,1,14.76,25.16,4932
167001,1,5.12,2.72,4933
116749,1,13.12,23.64,4934
75949,1,6.56,10.96,4935
113389,1,13.16,23.56,4936
81229,1,14.52,25.64,4937
122509,1,12.84,28.92,4938
164346,1,10.16,29.44,4939
164666,1,13.32,3.64,4940
78349,1,12.72,3.6,4941
111949,1,10.12,28.44,4942
71389,1,12.08,22.32,4943
128749,1,13.44,26.92,4944
162171,1,14.12,3.12,4945
131451,1,14.68,3.44,4946
158171,1,13.88,3.44,4947
167931,1,13.28,26.36,4948
38095,1,14.48,3.16,4949
40255,1,13.24,3.16,4950
136956,1,12.44,27.28,4951
44815,1,14.48,27.84,4952
38695,1,10.88,29.16,4953
102094,1,13.64,25.16,4954
94414,1,11.56,25.76,4955
131676,1,13.6,26.28,4956
47335,1,12.56,5.08,4957
61695,1,13.88,27.12,4958
127534,1,3.32,14.6,4959
82894,1,13.96,25.24,4960
41655,1,11.6,24.24,4961
143196,1,5.12,2.8,4962
165981,1,4.72,2.92,4963
164286,1,11.12,23.8,4964
74479,1,14.04,3.36,4965
151326,1,5.48,2.64,4966
154911,1,13.68,3.2,4967
167391,1,12.64,3.32,4968
13064,1,12.16,23.24,4969
11534,1,3.32,14.4,4970
151776,1,12.84,25.72,4971
8474,1,9.4,26.28,4972
1765,1,12.96,3.56,4973
31344,1,6.84,12.48,4974
12104,1,13.28,27.12,4975
24264,1,14.32,5.36,4976
9574,1,12.4,23.04,4977
5303,1,13.24,25.2,4978
727,1,13.92,3.4,4979
32484,1,13.76,25.4,4980
30444,1,12.72,27.8,4981
14714,1,13.48,25.28,4982
22344,1,13.4,5.08,4983
9754,1,12.6,24.68,4984
103184,1,12.64,29.08,4985
99904,1,14.44,26.72,4986
134336,1,6.44,11.0,4987
15584,1,12.24,23.84,4988
9964,1,9.68,27.44,4989
89009,1,11.44,25.52,4990
77314,1,14.44,25.32,4991
48025,1,9.56,24.88,4992
19869,1,13.16,23.0,4993
149961,1,13.56,3.36,4994
116389,1,13.0,21.76,4995
152331,1,12.64,5.32,4996
42355,1,14.12,3.36,4997
138606,1,11.32,22.04,4998
28174,1,13.44,3.44,4999
115207,1,12.32,27.4,5000
17946,2,11.44,23.28,5001
16926,2,5.88,9.16,5002
58444,2,12.12,2.68,5003
13085,2,11.44,24.72,5004
60604,2,12.04,2.8,5005
52564,2,12.6,3.12,5006
20166,2,8.84,23.84,5007
16235,2,11.52,2.84,5008
56764,2,10.92,4.12,5009
9595,2,12.24,4.08,5010
62964,2,6.36,9.28,5011
30486,2,10.16,21.28,5012
24366,2,10.48,21.24,5013
72952,2,11.64,23.96,5014
97672,2,6.2,8.64,5015
73432,2,11.16,4.76,5016
114472,2,12.44,21.56,5017
11255,2,11.28,4.6,5018
36844,2,10.88,3.08,5019
9215,2,11.2,23.84,5020
118792,2,10.84,2.76,5021
148112,2,11.72,2.76,5022
148272,2,6.2,8.68,5023
78472,2,12.16,24.32,5024
10325,2,10.92,24.68,5025
12905,2,12.28,4.52,5026
149712,2,10.52,19.6,5027
31026,2,12.52,2.68,5028
79192,2,4.56,2.44,5029
28026,2,11.36,4.6,5030
25986,2,5.84,9.32,5031
12485,2,11.36,23.36,5032
9425,2,10.16,20.12,5033
28086,2,11.0,25.12,5034
41884,2,11.84,22.28,5035
60364,2,11.36,19.32,5036
19966,2,12.52,22.04,5037
136017,2,11.96,4.76,5038
145137,2,11.68,2.68,5039
129257,2,11.08,4.28,5040
121417,2,11.16,22.36,5041
136722,2,12.36,4.76,5042
68377,2,4.64,2.12,5043
89257,2,4.52,2.28,5044
85177,2,12.16,23.84,5045
154002,2,6.28,8.04,5046
77017,2,3.16,11.24,5047
106057,2,2.88,11.08,5048
110617,2,8.16,22.04,5049
123017,2,4.44,2.56,5050
131442,2,9.12,21.88,5051
86377,2,11.16,2.76,5052
111017,2,12.08,23.68,5053
99577,2,11.36,3.12,5054
120697,2,10.16,21.8,5055
92137,2,12.2,22.68,5056
152787,2,11.4,23.36,5057
158387,2,10.68,4.56,5058
54469,2,12.52,22.12,5059
50389,2,12.32,23.28,5060
113242,2,11.48,3.0,5061
136692,2,12.76,4.72,5062
105562,2,11.52,25.52,5063
105802,2,11.32,21.92,5064
36589,2,10.92,22.28,5065
42829,2,11.16,2.88,5066
102362,2,12.8,24.36,5067
86122,2,12.64,4.04,5068
127162,2,10.68,23.0,5069
32869,2,12.24,3.16,5070
63589,2,11.48,23.92,5071
43429,2,10.92,2.88,5072
70522,2,12.8,2.96,5073
87082,2,12.28,3.12,5074
91402,2,11.36,2.84,5075
60109,2,11.76,23.76,5076
99802,2,10.92,2.92,5077
95722,2,6.16,8.48,5078
39709,2,10.76,4.76,5079
41869,2,10.92,23.32,5080
135477,2,11.0,24.56,5081
71947,2,12.72,3.08,5082
92827,2,12.2,21.88,5083
109387,2,10.88,22.6,5084
72667,2,6.36,8.24,5085
137622,2,12.72,3.2,5086
87067,2,10.76,24.68,5087
120347,2,12.12,2.96,5088
142422,2,11.92,4.36,5089
100267,2,12.8,23.16,5090
146967,2,11.4,21.36,5091
141207,2,11.28,24.48,5092
166167,2,9.8,18.8,5093
29271,2,2.88,11.28,5094
50374,2,11.84,24.16,5095
109532,2,6.12,8.96,5096
31491,2,12.6,22.88,5097
137592,2,11.28,4.24,5098
105932,2,12.32,25.16,5099
114172,2,8.96,22.96,5100
61294,2,11.6,2.68,5101
29631,2,4.72,2.44,5102
85852,2,6.12,9.48,5103
34774,2,12.0,4.6,5104
65494,2,12.4,4.36,5105
47134,2,12.0,2.88,5106
23571,2,10.92,3.16,5107
34894,2,12.68,22.24,5108
29751,2,11.88,22.68,5109
70012,2,11.6,21.44,5110
23671,2,8.88,24.68,5111
35134,2,5.56,9.44,5112
30951,2,2.72,11.56,5113
17731,2,10.2,20.72,5114
79132,2,10.64,22.28,5115
28111,2,12.4,4.52,5116
68077,2,10.84,21.96,5117
121597,2,6.16,9.44,5118
130397,2,12.72,23.92,5119
87277,2,11.56,25.16,5120
120397,2,12.32,3.08,5121
142842,2,12.24,2.84,5122
143867,2,8.56,24.44,5123
62479,2,11.12,3.2,5124
58399,2,11.04,21.44,5125
80062,2,10.76,2.92,5126
92542,2,3.04,11.48,5127
58959,2,11.28,2.8,5128
57079,2,3.0,11.44,5129
48919,2,11.24,3.0,5130
73342,2,12.16,23.24,5131
55159,2,8.2,24.8,5132
147132,2,8.04,22.0,5133
65479,2,12.36,3.12,5134
36879,2,5.96,8.8,5135
106702,2,10.72,24.68,5136
58119,2,9.76,21.8,5137
75742,2,5.6,8.92,5138
85567,2,11.24,2.72,5139
65567,2,12.44,22.52,5140
90367,2,11.72,21.6,5141
131742,2,6.08,9.56,5142
156702,2,11.04,4.64,5143
140862,2,10.68,2.72,5144
127807,2,11.36,3.16,5145
91007,2,11.36,24.84,5146
107567,2,10.72,19.32,5147
142782,2,12.44,22.88,5148
120607,2,12.36,21.96,5149
88432,2,12.4,23.12,5150
121232,2,9.76,21.16,5151
15170,2,12.48,22.64,5152
15200,2,12.32,4.64,5153
9590,2,10.68,2.84,5154
1967,2,10.64,21.92,5155
300,2,4.8,2.28,5156
8230,2,11.24,4.16,5157
5141,2,4.24,2.2,5158
7716,2,12.64,24.08,5159
14920,2,11.8,3.04,5160
14960,2,9.96,21.12,5161
12940,2,12.72,2.84,5162
71152,2,11.76,4.28,5163
28056,2,5.52,8.6,5164
135072,2,11.8,2.72,5165
152772,2,4.12,2.52,5166
89362,2,12.64,2.92,5167
93187,2,10.68,21.48,5168
103267,2,12.64,3.0,5169
120307,2,11.16,3.0,5170
150087,2,10.72,25.28,5171
57274,2,11.52,4.64,5172
28881,2,12.12,22.2,5173
149832,2,11.64,24.32,5174
133962,2,10.72,20.88,5175
124837,2,11.44,2.76,5176
36379,2,12.64,2.68,5177
35299,2,10.96,2.76,5178
94087,2,11.92,3.12,5179
42004,2,11.64,2.8,5180
74215,2,8.56,24.96,5181
88120,2,11.84,22.48,5182
54388,2,11.28,23.76,5183
100840,2,11.32,25.08,5184
24198,2,5.36,8.2,5185
9551,2,12.0,2.88,5186
34108,2,5.48,8.48,5187
30378,2,11.6,2.84,5188
15191,2,6.0,9.28,5189
68440,2,12.6,4.76,5190
64948,2,11.12,24.92,5191
16241,2,11.8,2.72,5192
9611,2,11.92,4.24,5193
24378,2,12.16,23.96,5194
46708,2,12.72,4.44,5195
22338,2,11.76,2.76,5196
145968,2,11.16,4.16,5197
163088,2,11.56,4.64,5198
14291,2,12.0,22.0,5199
46948,2,10.68,24.24,5200
17358,2,8.96,21.6,5201
57268,2,12.32,3.0,5202
14321,2,6.04,8.32,5203
65560,2,5.36,9.08,5204
110680,2,5.36,8.08,5205
59548,2,11.48,2.76,5206
45268,2,12.08,21.76,5207
70120,2,5.88,8.96,5208
31938,2,3.16,11.08,5209
30918,2,12.6,22.24,5210
82840,2,5.8,8.52,5211
70600,2,12.36,2.88,5212
14471,2,12.36,25.16,5213
11921,2,4.08,11.72,5214
33388,2,11.0,2.96,5215
55948,2,11.28,4.2,5216
10931,2,11.56,2.84,5217
22938,2,11.64,25.44,5218
24018,2,12.24,23.28,5219
10991,2,5.72,9.2,5220
35788,2,11.28,4.52,5221
112600,2,11.8,21.56,5222
144273,2,11.0,21.76,5223
162833,2,12.28,2.88,5224
147153,2,11.4,21.52,5225
135153,2,11.28,24.76,5226
80665,2,10.96,19.8,5227
113465,2,10.0,20.08,5228
81145,2,12.72,2.96,5229
109945,2,9.0,21.96,5230
105865,2,10.88,3.0,5231
82025,2,10.0,18.92,5232
82105,2,12.2,4.36,5233
142418,2,11.92,4.12,5234
108265,2,10.92,21.48,5235
96025,2,11.36,23.0,5236
164403,2,10.68,22.64,5237
150003,2,12.36,23.64,5238
150483,2,10.56,20.44,5239
42093,2,11.8,2.76,5240
104890,2,12.8,23.76,5241
40173,2,11.76,4.6,5242
121450,2,10.4,18.68,5243
117850,2,3.16,10.92,5244
130330,2,12.68,23.48,5245
40693,2,10.92,22.4,5246
77290,2,11.04,2.68,5247
46933,2,12.08,23.56,5248
42853,2,12.48,2.84,5249
57493,2,12.32,21.92,5250
39133,2,12.4,3.16,5251
33133,2,12.48,24.48,5252
49573,2,5.64,8.56,5253
70490,2,4.24,2.32,5254
166068,2,12.72,2.68,5255
70810,2,12.76,2.96,5256
158388,2,11.24,2.8,5257
60133,2,12.64,3.2,5258
148053,2,11.76,22.28,5259
150453,2,12.52,3.0,5260
121195,2,11.68,3.04,5261
113035,2,11.32,21.88,5262
113275,2,5.6,8.36,5263
161238,2,10.84,2.8,5264
93115,2,11.72,3.08,5265
68795,2,12.48,2.8,5266
154038,2,4.52,12.56,5267
69115,2,8.96,22.64,5268
155478,2,9.04,23.24,5269
102955,2,11.56,3.08,5270
140438,2,9.92,21.24,5271
103675,2,11.92,4.6,5272
71275,2,8.12,23.08,5273
67435,2,12.48,3.08,5274
108475,2,10.72,24.48,5275
149943,2,4.52,2.52,5276
96460,2,8.64,24.36,5277
24183,2,12.04,23.52,5278
40198,2,11.4,22.44,5279
38158,2,5.72,9.56,5280
18063,2,10.92,21.76,5281
34078,2,12.44,25.04,5282
52678,2,10.28,20.4,5283
40438,2,2.96,11.44,5284
38638,2,12.08,2.92,5285
97900,2,4.56,2.28,5286
38758,2,10.84,23.8,5287
130780,2,11.2,3.0,5288
31683,2,12.48,4.64,5289
55318,2,12.4,21.4,5290
131448,2,11.76,2.88,5291
61558,2,11.92,2.8,5292
41158,2,11.16,4.68,5293
17523,2,12.4,25.12,5294
63718,2,8.48,21.88,5295
66220,2,12.52,2.84,5296
157848,2,11.2,22.52,5297
103580,2,11.92,3.04,5298
39718,2,12.2,23.96,5299
100060,2,12.36,3.0,5300
43918,2,12.28,2.96,5301
60358,2,11.32,23.0,5302
112540,2,9.24,21.56,5303
140793,2,12.0,25.16,5304
135033,2,11.24,3.2,5305
155418,2,11.92,2.68,5306
78365,2,12.76,25.2,5307
107245,2,5.8,8.4,5308
91405,2,12.44,3.16,5309
71005,2,9.32,24.24,5310
83405,2,11.32,25.16,5311
166938,2,12.76,2.72,5312
79645,2,11.44,21.72,5313
120685,2,10.88,4.32,5314
135963,2,11.92,21.68,5315
154203,2,11.72,25.52,5316
146043,2,9.72,21.28,5317
142683,2,11.72,2.84,5318
143003,2,8.2,22.72,5319
159483,2,12.48,2.84,5320
168348,2,11.2,24.4,5321
62623,2,11.36,24.92,5322
136668,2,11.56,24.84,5323
36223,2,12.28,23.12,5324
121630,2,11.08,2.92,5325
109390,2,8.56,23.44,5326
145308,2,11.92,4.16,5327
65023,2,8.28,24.92,5328
61143,2,12.28,3.12,5329
154908,2,8.44,25.16,5330
118750,2,11.56,3.08,5331
55303,2,11.76,4.68,5332
155708,2,11.4,19.8,5333
45223,2,12.44,21.88,5334
148668,2,12.56,2.96,5335
70270,2,12.6,24.24,5336
127870,2,11.6,4.0,5337
103390,2,11.32,4.48,5338
47623,2,11.52,2.96,5339
57943,2,12.64,23.2,5340
39783,2,6.16,8.72,5341
80575,2,11.96,24.96,5342
125935,2,12.64,25.44,5343
126175,2,12.64,2.68,5344
101615,2,11.48,19.36,5345
149598,2,12.12,2.92,5346
103855,2,11.4,2.84,5347
100015,2,12.24,22.08,5348
143583,2,10.0,20.96,5349
164703,2,8.76,21.68,5350
5519,2,12.24,3.12,5351
104800,2,12.56,3.04,5352
22108,2,12.52,3.04,5353
76240,2,10.96,2.8,5354
20088,2,11.84,3.04,5355
64768,2,11.36,24.88,5356
197,2,10.72,2.84,5357
54688,2,11.48,2.96,5358
3435,2,10.96,4.12,5359
77360,2,10.72,2.8,5360
81520,2,12.04,2.72,5361
24528,2,12.36,25.04,5362
63408,2,10.24,19.4,5363
6939,2,10.36,20.28,5364
55608,2,4.56,2.28,5365
5949,2,11.48,4.56,5366
150528,2,11.92,2.84,5367
5219,2,10.88,2.92,5368
99920,2,11.32,21.68,5369
8426,2,10.76,4.72,5370
148193,2,9.64,20.96,5371
161378,2,5.44,9.04,5372
89185,2,11.8,24.72,5373
90545,2,9.64,21.28,5374
103330,2,9.92,20.24,5375
30513,2,10.84,4.8,5376
31713,2,11.92,4.6,5377
28113,2,8.56,22.72,5378
135273,2,12.24,22.68,5379
42883,2,12.52,2.88,5380
60163,2,11.72,25.04,5381
18958,2,11.12,25.16,5382
83671,2,4.0,2.12,5383
104536,2,12.32,22.88,5384
121016,2,10.88,3.12,5385
29262,2,12.68,23.6,5386
104776,2,12.68,21.44,5387
92536,2,12.36,21.76,5388
72136,2,12.0,3.16,5389
9533,2,3.2,12.2,5390
14663,2,9.84,19.72,5391
24222,2,11.52,25.48,5392
109336,2,11.0,24.44,5393
30442,2,9.72,18.92,5394
22282,2,3.16,10.8,5395
27462,2,11.64,25.44,5396
29542,2,11.16,24.96,5397
65236,2,12.64,25.56,5398
12223,2,11.32,19.56,5399
101896,2,12.48,4.12,5400
154800,2,12.6,2.96,5401
38716,2,12.76,23.4,5402
130696,2,11.92,23.32,5403
53116,2,11.8,24.28,5404
26562,2,12.28,23.72,5405
38836,2,12.64,4.24,5406
65476,2,11.16,24.48,5407
57316,2,5.88,8.24,5408
26622,2,9.68,20.2,5409
164240,2,11.32,22.32,5410
51316,2,11.36,3.12,5411
59596,2,12.04,2.96,5412
15413,2,4.32,6.28,5413
14393,2,4.32,2.52,5414
156560,2,11.64,4.2,5415
39436,2,11.56,2.76,5416
16043,2,11.84,2.76,5417
55996,2,11.08,24.88,5418
166800,2,10.32,19.4,5419
10943,2,12.16,2.88,5420
8903,2,8.88,23.52,5421
8393,2,12.4,21.68,5422
13013,2,11.92,23.96,5423
39796,2,12.76,4.24,5424
8933,2,9.68,19.28,5425
19962,2,11.56,24.68,5426
147185,2,11.32,4.36,5427
132465,2,11.36,2.72,5428
151025,2,12.56,22.72,5429
121081,2,12.6,4.52,5430
113161,2,11.04,20.2,5431
113881,2,11.44,2.92,5432
77161,2,11.04,21.68,5433
93881,2,11.76,4.48,5434
127081,2,10.68,24.16,5435
111401,2,11.0,2.72,5436
135090,2,5.44,8.12,5437
148275,2,12.68,22.24,5438
141395,2,12.68,2.84,5439
52381,2,12.52,2.96,5440
96586,2,4.72,2.44,5441
84586,2,11.96,23.28,5442
42301,2,10.76,24.48,5443
54661,2,11.96,3.04,5444
38341,2,10.44,20.12,5445
56821,2,12.32,4.48,5446
54781,2,10.8,21.64,5447
38581,2,5.92,10.52,5448
162900,2,11.8,2.68,5449
81466,2,12.72,4.68,5450
110906,2,12.76,22.72,5451
94666,2,11.52,3.16,5452
156660,2,11.64,4.16,5453
78346,2,11.2,2.8,5454
91226,2,11.36,24.32,5455
79066,2,11.44,4.12,5456
60061,2,6.08,9.52,5457
55981,2,10.72,23.76,5458
99706,2,10.72,23.76,5459
64381,2,12.48,3.08,5460
124666,2,10.68,3.12,5461
120586,2,6.0,8.8,5462
75706,2,12.68,3.12,5463
124906,2,12.52,22.36,5464
161205,2,10.68,25.32,5465
161685,2,11.8,4.2,5466
138645,2,11.68,3.2,5467
80251,2,12.08,23.88,5468
84811,2,5.68,8.96,5469
117691,2,10.72,3.04,5470
109771,2,5.92,9.28,5471
85291,2,5.56,8.2,5472
146070,2,9.4,23.72,5473
73531,2,11.52,3.12,5474
94171,2,6.08,10.0,5475
114811,2,11.64,23.32,5476
102811,2,11.64,24.44,5477
99211,2,11.52,24.76,5478
91291,2,12.08,21.88,5479
66811,2,12.44,23.12,5480
111931,2,9.84,22.24,5481
79531,2,11.64,23.88,5482
137175,2,11.16,22.48,5483
147255,2,12.12,22.0,5484
164535,2,10.84,4.28,5485
79996,2,6.28,8.72,5486
36046,2,10.72,2.96,5487
84556,2,11.52,3.16,5488
26307,2,11.96,2.88,5489
56806,2,11.2,22.96,5490
105436,2,12.2,2.68,5491
54886,2,11.76,24.28,5492
26427,2,11.52,4.64,5493
81196,2,11.56,2.8,5494
30567,2,11.32,3.04,5495
81356,2,11.56,2.8,5496
162840,2,11.8,2.68,5497
122476,2,9.16,24.08,5498
138840,2,12.16,25.2,5499
94156,2,10.32,18.96,5500
102476,2,9.96,19.16,5501
26667,2,11.64,2.88,5502
47206,2,10.68,19.24,5503
65836,2,4.68,2.28,5504
53446,2,11.64,24.12,5505
78476,2,11.16,3.16,5506
33166,2,10.16,21.44,5507
119596,2,11.8,3.04,5508
30927,2,10.88,4.48,5509
28887,2,4.08,2.32,5510
17667,2,12.0,2.88,5511
57886,2,11.88,3.08,5512
107596,2,11.0,19.96,5513
24867,2,12.64,24.36,5514
55966,2,10.68,20.88,5515
79276,2,11.12,2.72,5516
150360,2,6.04,9.4,5517
30087,2,12.4,22.28,5518
142680,2,11.56,25.56,5519
71356,2,11.56,24.56,5520
58366,2,10.08,20.84,5521
147705,2,10.96,3.12,5522
150585,2,11.36,2.72,5523
150905,2,5.52,8.28,5524
125581,2,11.92,23.6,5525
80701,2,11.76,25.56,5526
145050,2,6.36,8.28,5527
161850,2,12.24,21.52,5528
126061,2,4.4,12.0,5529
163290,2,5.84,8.72,5530
140250,2,10.92,22.24,5531
78541,2,11.84,24.16,5532
132570,2,11.68,3.04,5533
103261,2,10.92,23.72,5534
91261,2,2.72,10.76,5535
87181,2,11.56,25.36,5536
112381,2,11.2,24.48,5537
162875,2,11.32,22.64,5538
131835,2,11.36,3.0,5539
166875,2,10.76,4.08,5540
35911,2,11.68,3.08,5541
129166,2,12.76,21.36,5542
96526,2,12.64,24.32,5543
54511,2,10.84,23.0,5544
144540,2,11.96,4.4,5545
161340,2,5.96,9.52,5546
42391,2,11.72,25.24,5547
52711,2,11.68,4.64,5548
126046,2,10.96,22.0,5549
65271,2,11.84,21.8,5550
59311,2,11.44,25.04,5551
94046,2,11.68,4.32,5552
57271,2,12.68,21.44,5553
147420,2,12.72,25.0,5554
47151,2,12.6,4.28,5555
94366,2,10.36,19.96,5556
123166,2,10.76,2.76,5557
78286,2,12.48,23.4,5558
55591,2,10.96,2.68,5559
82606,2,12.16,25.4,5560
111406,2,11.52,2.8,5561
82846,2,4.04,2.4,5562
149340,2,5.8,8.4,5563
133980,2,9.8,21.52,5564
120286,2,8.36,25.36,5565
100126,2,12.0,25.56,5566
62431,2,12.0,4.24,5567
60391,2,11.28,18.72,5568
141885,2,10.96,3.2,5569
75871,2,11.64,22.96,5570
88831,2,11.24,4.72,5571
147390,2,11.36,2.72,5572
65551,2,11.24,23.44,5573
123871,2,6.16,8.64,5574
124111,2,12.4,22.24,5575
120271,2,12.32,25.6,5576
154815,2,11.28,24.76,5577
67936,2,10.2,21.8,5578
11068,2,10.96,24.28,5579
11108,2,12.4,2.88,5580
114176,2,10.88,2.8,5581
17392,2,11.88,4.68,5582
23692,2,12.64,3.0,5583
16632,2,9.96,18.96,5584
99376,2,12.4,3.04,5585
60096,2,11.88,4.48,5586
165345,2,10.96,20.72,5587
167265,2,11.08,19.2,5588
119041,2,11.88,21.88,5589
167715,2,5.76,8.44,5590
144420,2,5.6,8.88,5591
69106,2,11.32,23.56,5592
61561,2,11.48,3.04,5593
80611,2,12.28,3.16,5594
123571,2,10.44,20.32,5595
51346,2,11.12,22.68,5596
105301,2,11.6,21.88,5597
107446,2,8.36,25.12,5598
76231,2,12.08,2.72,5599
86311,2,6.12,8.0,5600
33796,2,4.24,2.52,5601
151374,2,10.92,3.04,5602
8477,2,11.0,3.08,5603
52372,2,11.56,21.72,5604
18030,2,5.84,9.56,5605
152784,2,12.08,2.96,5606
26290,2,12.4,2.72,5607
88888,2,4.52,2.16,5608
19170,2,12.44,4.2,5609
54732,2,11.96,2.88,5610
14207,2,12.0,25.0,5611
130168,2,12.76,3.2,5612
15257,2,12.52,3.08,5613
42652,2,11.52,24.8,5614
130408,2,4.04,2.48,5615
122488,2,12.04,25.2,5616
9707,2,11.36,24.28,5617
73768,2,12.72,22.48,5618
8207,2,10.6,21.24,5619
21570,2,11.88,22.24,5620
63652,2,12.6,23.52,5621
51412,2,12.32,22.76,5622
28810,2,12.12,2.76,5623
8267,2,11.6,22.28,5624
9827,2,10.96,2.68,5625
17610,2,11.08,25.28,5626
33172,2,11.08,2.8,5627
49612,2,5.48,9.0,5628
39412,2,11.76,23.44,5629
123928,2,10.68,2.8,5630
49732,2,12.8,21.44,5631
120088,2,10.8,4.52,5632
11447,2,3.08,11.68,5633
116248,2,2.76,12.04,5634
11987,2,10.92,22.88,5635
56212,2,11.12,19.84,5636
13037,2,11.92,3.0,5637
137649,2,12.16,3.2,5638
132849,2,6.04,9.24,5639
165969,2,11.08,3.16,5640
121033,2,10.8,21.6,5641
92873,2,12.04,22.72,5642
65593,2,5.64,8.16,5643
86153,2,8.44,21.36,5644
86953,2,12.24,23.8,5645
150834,2,11.2,2.84,5646
147699,2,11.52,18.84,5647
131379,2,12.68,3.0,5648
156659,2,4.6,2.16,5649
48277,2,8.16,22.68,5650
38197,2,12.4,22.08,5651
54717,2,10.88,2.68,5652
56797,2,11.6,2.92,5653
126058,2,2.72,12.52,5654
38797,2,11.08,22.76,5655
114538,2,5.6,9.08,5656
65517,2,11.32,3.16,5657
65578,2,4.2,2.16,5658
127018,2,12.56,2.96,5659
86218,2,5.44,8.68,5660
119098,2,10.8,24.44,5661
33037,2,11.64,22.72,5662
47557,2,5.36,10.28,5663
149364,2,11.12,3.12,5664
107578,2,9.68,20.6,5665
79018,2,11.24,24.04,5666
57997,2,12.6,25.12,5667
55957,2,11.08,21.72,5668
64477,2,11.0,23.36,5669
152949,2,12.12,2.92,5670
145269,2,6.04,8.44,5671
147669,2,12.04,2.84,5672
167349,2,12.48,4.52,5673
96283,2,11.64,3.08,5674
125563,2,10.8,21.52,5675
84763,2,2.96,12.72,5676
84923,2,5.56,8.4,5677
106363,2,9.88,20.8,5678
139254,2,11.12,23.48,5679
119563,2,11.88,3.04,5680
83563,2,11.64,4.28,5681
142614,2,12.64,2.8,5682
152439,2,11.76,22.4,5683
146679,2,5.64,9.08,5684
148119,2,9.16,23.0,5685
139959,2,12.28,4.48,5686
26115,2,12.12,2.8,5687
92188,2,11.0,23.48,5688
62502,2,12.2,4.52,5689
31275,2,6.2,8.88,5690
58462,2,11.8,3.08,5691
27195,2,11.04,2.8,5692
48262,2,11.76,3.16,5693
33982,2,11.0,22.12,5694
38182,2,5.96,9.36,5695
113308,2,11.8,23.16,5696
84988,2,9.16,22.8,5697
61102,2,12.08,21.64,5698
25455,2,11.48,2.68,5699
162744,2,12.6,2.76,5700
46942,2,12.8,21.48,5701
32715,2,4.4,2.52,5702
18435,2,12.6,2.84,5703
32782,2,10.96,2.72,5704
26655,2,10.08,22.2,5705
51262,2,5.96,8.2,5706
24615,2,10.4,20.36,5707
29775,2,5.52,8.04,5708
123628,2,10.68,3.0,5709
30915,2,12.16,22.0,5710
149304,2,9.16,23.76,5711
70588,2,11.48,19.96,5712
47662,2,10.68,21.48,5713
142104,2,12.04,2.76,5714
25995,2,2.84,12.32,5715
75388,2,12.8,3.12,5716
60382,2,12.64,24.4,5717
148569,2,10.76,22.32,5718
141369,2,11.32,2.88,5719
167289,2,12.52,21.52,5720
143514,2,11.36,23.4,5721
71933,2,11.6,4.12,5722
113293,2,11.36,2.96,5723
109213,2,10.96,23.76,5724
144954,2,11.8,2.96,5725
105613,2,11.56,2.68,5726
122173,2,12.12,22.12,5727
130733,2,11.72,4.64,5728
127693,2,12.48,2.96,5729
115453,2,11.04,22.24,5730
159354,2,11.36,3.0,5731
151739,2,11.2,19.04,5732
162939,2,11.84,22.6,5733
132539,2,5.6,9.24,5734
133659,2,10.92,25.52,5735
116878,2,11.16,3.12,5736
80078,2,10.88,2.88,5737
108958,2,11.28,21.64,5738
34047,2,11.36,3.16,5739
40207,2,9.12,22.92,5740
56647,2,9.64,19.04,5741
137244,2,5.8,8.52,5742
130318,2,11.16,22.4,5743
50887,2,9.68,22.32,5744
81358,2,11.44,3.08,5745
38647,2,8.08,21.56,5746
51007,2,5.48,9.48,5747
102478,2,10.68,21.36,5748
45247,2,5.88,8.16,5749
103198,2,12.72,24.84,5750
78958,2,12.76,4.64,5751
62127,2,5.64,8.8,5752
120238,2,10.8,2.88,5753
81343,2,12.0,3.2,5754
139614,2,9.08,21.96,5755
131934,2,12.24,2.8,5756
91183,2,11.48,3.08,5757
96223,2,12.64,2.72,5758
3654,2,4.4,2.44,5759
32340,2,12.16,2.68,5760
58552,2,5.92,9.36,5761
4044,2,12.56,23.12,5762
104848,2,4.68,2.16,5763
96688,2,11.0,23.52,5764
13112,2,10.04,21.88,5765
48352,2,9.8,22.24,5766
3279,2,11.4,19.44,5767
23160,2,12.72,21.4,5768
3024,2,9.6,21.68,5769
80528,2,5.44,8.88,5770
6572,2,12.6,21.8,5771
535,2,11.8,3.12,5772
2274,2,12.08,24.04,5773
93808,2,11.4,23.24,5774
13282,2,11.2,25.52,5775
30940,2,10.8,2.8,5776
585,2,10.36,21.64,5777
136034,2,10.92,23.28,5778
163074,2,12.48,3.0,5779
94193,2,11.52,4.8,5780
65713,2,11.08,22.2,5781
145284,2,12.4,4.2,5782
164484,2,10.44,20.0,5783
92098,2,10.96,4.12,5784
134469,2,10.12,22.24,5785
43162,2,11.68,3.0,5786
63922,2,11.64,4.68,5787
46147,2,9.84,20.72,5788
63547,2,11.52,23.52,5789
58372,2,6.32,8.48,5790
150126,2,2.96,11.08,5791
24174,2,11.44,20.24,5792
12659,2,12.12,3.12,5793
62940,2,11.04,25.48,5794
137136,2,11.4,25.4,5795
9089,2,11.6,25.6,5796
44580,2,9.92,19.4,5797
105784,2,11.56,24.12,5798
30574,2,11.08,2.8,5799
9659,2,12.24,4.76,5800
138576,2,10.8,21.92,5801
9689,2,12.72,21.6,5802
30654,2,12.12,23.76,5803
53140,2,10.8,21.76,5804
32754,2,4.12,2.32,5805
16434,2,12.52,2.84,5806
61540,2,4.6,2.24,5807
37060,2,12.16,23.36,5808
47340,2,11.68,24.36,5809
14399,2,6.16,9.24,5810
17574,2,12.68,4.28,5811
59740,2,12.6,22.72,5812
49540,2,11.72,4.08,5813
90904,2,6.24,9.44,5814
87064,2,6.12,8.84,5815
17754,2,12.36,24.52,5816
8879,2,11.44,4.08,5817
10949,2,9.44,22.68,5818
35700,2,8.76,22.8,5819
167376,2,12.08,4.36,5820
41860,2,10.72,21.76,5821
19914,2,4.4,2.4,5822
35740,2,10.76,21.6,5823
16109,2,12.12,2.76,5824
30174,2,10.44,19.56,5825
13049,2,11.32,22.88,5826
151536,2,12.8,4.32,5827
135921,2,10.84,3.12,5828
144561,2,11.16,3.08,5829
146001,2,11.72,2.8,5830
154641,2,9.84,20.64,5831
156561,2,12.28,2.84,5832
116809,2,11.72,24.36,5833
112729,2,12.48,4.4,5834
88489,2,6.16,8.32,5835
160626,2,12.2,2.84,5836
113209,2,9.68,19.08,5837
109129,2,11.32,2.72,5838
88969,2,12.0,22.92,5839
113929,2,4.4,2.32,5840
154386,2,12.12,3.12,5841
118249,2,4.2,2.48,5842
106249,2,11.56,24.12,5843
147186,2,11.24,4.72,5844
99049,2,12.24,2.96,5845
71449,2,4.32,2.52,5846
132051,2,10.6,22.28,5847
151251,2,12.2,24.0,5848
92314,2,5.52,9.36,5849
108874,2,4.64,11.52,5850
50485,2,12.68,2.96,5851
84634,2,10.96,21.12,5852
52645,2,4.48,2.32,5853
161556,2,12.08,25.2,5854
56845,2,12.24,2.96,5855
81034,2,10.76,2.88,5856
36565,2,12.4,23.92,5857
118234,2,12.8,21.96,5858
61285,2,11.04,23.44,5859
106634,2,10.92,2.92,5860
106714,2,11.76,3.04,5861
164436,2,12.6,24.56,5862
70474,2,12.6,25.52,5863
47605,2,11.12,21.44,5864
74794,2,11.76,23.4,5865
49885,2,11.88,2.8,5866
150516,2,12.0,2.68,5867
37645,2,11.52,2.84,5868
116314,2,11.32,21.08,5869
134676,2,5.76,10.72,5870
160181,2,12.44,2.8,5871
140181,2,10.84,3.16,5872
140661,2,3.2,11.92,5873
166581,2,10.84,2.88,5874
129499,2,2.76,11.72,5875
93019,2,12.44,22.44,5876
125899,2,12.4,25.04,5877
162006,2,12.52,22.88,5878
85339,2,12.68,21.88,5879
138006,2,11.56,2.72,5880
97819,2,12.56,24.96,5881
77419,2,11.92,3.08,5882
130699,2,5.92,9.4,5883
164406,2,12.08,4.64,5884
90619,2,9.32,21.84,5885
123499,2,12.24,2.84,5886
99019,2,11.32,2.8,5887
135831,2,11.48,21.64,5888
153591,2,11.16,21.72,5889
164631,2,11.36,4.28,5890
134391,2,10.76,4.0,5891
116764,2,11.76,2.96,5892
31299,2,11.0,24.84,5893
104764,2,12.08,22.36,5894
58630,2,11.4,24.12,5895
50470,2,12.52,2.84,5896
32439,2,11.72,3.0,5897
113404,2,11.24,22.12,5898
88924,2,9.52,23.84,5899
34270,2,11.2,4.76,5900
54790,2,10.84,4.12,5901
17199,2,12.08,21.8,5902
122044,2,12.16,24.8,5903
46750,2,4.04,12.24,5904
81244,2,12.16,22.48,5905
21399,2,11.56,2.76,5906
53110,2,11.48,22.84,5907
38830,2,2.8,11.92,5908
61390,2,11.76,25.48,5909
20499,2,12.28,21.68,5910
53350,2,12.64,2.92,5911
26679,2,11.76,4.6,5912
47230,2,11.24,2.96,5913
45190,2,4.0,2.28,5914
63670,2,11.2,23.52,5915
59590,2,5.4,9.24,5916
24679,2,10.56,19.4,5917
156696,2,11.92,22.24,5918
39190,2,11.08,2.84,5919
70444,2,10.92,21.88,5920
55750,2,10.92,22.92,5921
25839,2,11.32,2.8,5922
23799,2,12.0,2.96,5923
16659,2,8.84,22.44,5924
32019,2,10.52,21.72,5925
53830,2,4.36,2.16,5926
41590,2,11.08,19.32,5927
128284,2,10.04,21.28,5928
111964,2,11.64,4.16,5929
108124,2,4.12,2.16,5930
91804,2,12.16,2.96,5931
26079,2,12.8,21.8,5932
167001,2,4.44,2.36,5933
116749,2,11.36,20.48,5934
75949,2,5.68,9.52,5935
113389,2,11.4,20.4,5936
81229,2,12.56,22.24,5937
122509,2,11.12,25.04,5938
164346,2,8.8,25.52,5939
164666,2,11.56,3.16,5940
78349,2,11.0,3.12,5941
111949,2,8.8,24.64,5942
71389,2,10.48,19.36,5943
128749,2,11.64,23.32,5944
162171,2,12.24,2.68,5945
131451,2,12.72,3.0,5946
158171,2,12.04,3.0,5947
167931,2,11.48,22.84,5948
38095,2,12.52,2.76,5949
40255,2,11.48,2.76,5950
136956,2,10.76,23.64,5951
44815,2,12.56,24.12,5952
38695,2,9.44,25.28,5953
102094,2,11.8,21.8,5954
94414,2,10.0,22.32,5955
131676,2,11.76,22.8,5956
47335,2,10.88,4.4,5957
61695,2,12.0,23.48,5958
127534,2,2.88,12.64,5959
82894,2,12.08,21.88,5960
41655,2,10.04,21.0,5961
143196,2,4.44,2.44,5962
165981,2,4.08,2.52,5963
164286,2,9.64,20.6,5964
74479,2,12.16,2.92,5965
151326,2,4.76,2.32,5966
154911,2,11.84,2.76,5967
167391,2,10.92,2.88,5968
13064,2,10.52,20.12,5969
11534,2,2.88,12.48,5970
151776,2,11.16,22.28,5971
8474,2,8.16,22.8,5972
1765,2,11.24,3.08,5973
31344,2,5.92,10.84,5974
12104,2,11.48,23.52,5975
24264,2,12.4,4.64,5976
9574,2,10.76,19.96,5977
5303,2,11.48,21.84,5978
727,2,12.08,2.96,5979
32484,2,11.92,22.04,5980
30444,2,11.04,24.08,5981
14714,2,11.68,21.92,5982
22344,2,11.6,4.4,5983
9754,2,10.92,21.4,5984
103184,2,10.92,25.2,5985
99904,2,12.52,23.16,5986
134336,2,5.6,9.52,5987
15584,2,10.6,20.64,5988
9964,2,8.4,23.76,5989
89009,2,9.92,22.12,5990
77314,2,12.52,21.96,5991
48025,2,8.28,21.56,5992
19869,2,11.4,19.96,5993
149961,2,11.76,2.88,5994
116389,2,11.28,18.84,5995
152331,2,10.96,4.64,5996
42355,2,12.24,2.92,5997
138606,2,9.84,19.12,5998
28174,2,11.64,2.96,5999
115207,2,10.68,23.76,6000
